,POA_CODE_2016,T_SOLSE_NWNAA_T,A15_24_SOLSE_NWNAA_T,A35_44_SOLSE_NWNAA_T,A65_74_SOLSE_NWNAA_T,Counted_home_Census_Night_Tot,P_SOL_SE_NW_NA_Total,suburbs
0,POA2000,3577,817,486,134,26121,2034,"Sydney, Dawes Point, The Rocks, Parliament House, Sydney South, Barangaroo, Millers Point, Haymarket"
1,POA2006,0,0,0,0,1194,9,The University Of Sydney
2,POA2007,954,321,73,56,8496,548,"Broadway, Ultimo"
3,POA2008,775,330,62,27,11244,203,"Darlington, Chippendale"
4,POA2009,770,95,88,72,12286,469,Pyrmont
5,POA2010,1045,134,119,91,26387,826,"Darlinghurst, Surry Hills"
6,POA2011,332,26,50,32,20088,287,"Kings Cross, Potts Point, Rushcutters Bay, Elizabeth Bay, Woolloomooloo"
7,POA2015,232,28,27,39,9476,209,"Eveleigh, Alexandria, Beaconsfield"
8,POA2016,700,36,36,139,12580,714,Redfern
9,POA2017,1896,578,84,212,23813,1004,"Waterloo, Zetland"
10,POA2018,1289,115,85,256,16562,1252,"Rosebery, Eastlakes"
11,POA2019,262,12,14,50,10501,238,"Botany, Banksmeadow"
12,POA2020,934,142,84,130,14282,602,"Sydney International Airport, Mascot, Sydney Domestic Airport"
13,POA2021,118,6,8,14,14533,108,"Paddington, Moore Park, Centennial Park"
14,POA2022,278,19,35,30,12008,264,"Queens Park, Bondi Junction"
15,POA2023,91,12,10,14,10231,72,Bellevue Hill
16,POA2024,129,15,4,13,10551,129,"Bronte, Waverley"
17,POA2025,63,3,3,18,6989,48,Woollahra
18,POA2026,389,32,32,52,31018,358,"Tamarama, Bondi Beach, Bondi, North Bondi, Ben Buckler"
19,POA2027,62,3,5,8,7809,45,"Darling Point, Hmas Rushcutters, Point Piper, Edgecliff"
20,POA2028,25,0,0,3,4384,26,Double Bay
21,POA2029,91,3,5,12,9563,79,Rose Bay
22,POA2030,167,3,20,28,13576,115,"Vaucluse, Dover Heights, Watsons Bay, Hmas Watson, Rose Bay North"
23,POA2031,614,98,40,89,33337,542,"Clovelly, Randwick, St Pauls, Clovelly West"
24,POA2032,1256,480,60,112,16141,858,"Kingsford, Daceyville"
25,POA2033,507,155,26,47,11133,475,Kensington
26,POA2034,279,8,10,60,19808,306,"South Coogee, Coogee"
27,POA2035,1610,152,76,251,33246,1460,"Maroubra, Pagewood, Maroubra South"
28,POA2036,1091,74,86,206,29452,972,"Phillip Bay, Hillsdale, Port Botany, Eastgardens, Little Bay, Malabar, Chifley, La Perouse, Matraville"
29,POA2037,509,81,39,83,15298,343,"Glebe, Forest Lodge"
30,POA2038,100,5,3,18,9028,111,Annandale
31,POA2039,81,3,7,11,8310,68,Rozelle
32,POA2040,489,15,16,83,21309,540,"Lilyfield, Leichhardt"
33,POA2041,127,6,7,18,14876,103,"Balmain, Balmain East, Birchgrove"
34,POA2042,426,32,34,56,18201,400,"Newtown, Enmore"
35,POA2043,112,13,4,13,7671,98,Erskineville
36,POA2044,450,11,35,101,7563,435,"St Peters, Sydenham, Tempe"
37,POA2045,326,3,8,55,6229,412,Haberfield
38,POA2046,1067,3,49,197,25850,1001,"Russell Lea, Wareemba, Five Dock, Chiswick, Abbotsford, Canada Bay, Rodd Point"
39,POA2047,277,8,17,44,11381,287,Drummoyne
40,POA2048,227,11,13,44,7627,243,"Westgate, Stanmore"
41,POA2049,349,7,13,93,10800,362,"Petersham North, Petersham, Lewisham"
42,POA2050,230,85,15,14,8566,98,"Missenden Road, Camperdown"
43,POA2052,109,85,0,0,3353,36,Unsw Sydney
44,POA2060,208,19,31,24,13261,166,"Hmas Waterhen, Waverton, Hmas Platypus, Mcmahons Point, North Sydney Shoppingworld, North Sydney, Lavender Bay"
45,POA2061,165,3,4,28,5665,156,"Milsons Point, Kirribilli"
46,POA2062,66,3,9,15,6685,84,Cammeray
47,POA2063,108,3,4,24,6092,81,Northbridge
48,POA2064,506,18,86,65,9198,425,Artarmon
49,POA2065,752,29,119,95,28811,583,"Greenwich, Crows Nest, Gore Hill, Wollstonecraft, St Leonards, Naremburn, Royal North Shore Hospital"
50,POA2066,774,32,90,95,30545,515,"Northwood, Riverview, Longueville, Lane Cove North, Linley Point, Lane Cove West, Lane Cove"
51,POA2067,3124,281,394,375,25664,2111,"Chatswood West, Chatswood"
52,POA2068,524,13,45,101,16166,444,"Willoughby East, Middle Cove, Willoughby North, Castlecrag, Willoughby, North Willoughby"
53,POA2069,471,25,44,86,13775,270,"Castle Cove, Roseville, Roseville Chase"
54,POA2070,531,21,60,102,13024,333,"East Lindfield, Lindfield West, Lindfield"
55,POA2071,734,30,85,116,13115,457,"Killara, East Killara"
56,POA2072,472,17,72,58,7424,294,Gordon
57,POA2073,450,11,36,81,15744,302,"West Pymble, Pymble"
58,POA2074,471,16,66,104,21383,327,"South Turramurra, Warrawee, North Turramurra, Turramurra"
59,POA2075,666,10,100,127,19821,260,"St Ives Chase, St Ives"
60,POA2076,583,14,64,98,23818,403,"Wahroonga, North Wahroonga, Normanhurst"
61,POA2077,2320,52,335,374,36670,1803,"Waitara, Hornsby, Asquith, Hornsby Heights"
62,POA2079,117,3,18,19,6859,66,Mount Colah
63,POA2080,26,0,3,6,1656,12,Mount Kuring-Gai
64,POA2081,34,0,7,3,5147,18,"Berowra, Cowan"
65,POA2082,27,0,3,5,5222,18,"Berowra Creek, Berowra Waters, Berowra Heights"
66,POA2083,3,0,0,0,1431,0,"Cogra Bay, Dangar Island, Cheero Point, Bar Point, Brooklyn, Milsons Passage, Mooney Mooney"
67,POA2084,24,0,0,0,3496,13,"Duffys Forest, Terrey Hills, Cottage Point"
68,POA2085,131,6,8,19,11260,99,"Belrose West, Belrose, Davidson"
69,POA2086,187,21,8,42,13003,128,"Frenchs Forest East, Frenchs Forest"
70,POA2087,256,17,20,46,12377,239,"Killarney Heights, Forestville"
71,POA2088,280,8,37,42,27076,195,"Mosman, Spit Junction"
72,POA2089,146,3,34,20,11299,141,"Kurraba Point, Neutral Bay Junction, Neutral Bay"
73,POA2090,198,10,34,30,13126,161,"Cremorne Junction, Cremorne Point, Cremorne"
74,POA2092,70,0,6,10,6857,54,Seaforth
75,POA2093,236,13,33,31,21992,222,"Balgowlah Heights, North Balgowlah, Balgowlah, Manly Vale, Clontarf"
76,POA2094,23,0,3,4,5569,27,Fairlight
77,POA2095,116,14,13,6,15101,118,"Manly, Manly East"
78,POA2096,73,3,5,10,13918,84,"Curl Curl, Harbord, Queenscliff, Freshwater"
79,POA2097,115,7,13,11,14918,89,"Collaroy Beach, Wheeler Heights, Collaroy, Collaroy Plateau"
80,POA2099,1135,47,175,145,38500,989,"Wingala, Narraweena, Cromer, Dee Why, North Curl Curl"
81,POA2100,417,19,49,45,20139,370,"Brookvale, Warringah Mall, Beacon Hill, Oxford Falls, Allambie, North Manly, Allambie Heights"
82,POA2101,96,3,8,13,18567,83,"Elanora Heights, Narrabeen, North Narrabeen, Ingleside"
83,POA2102,56,0,5,9,7136,42,"Warriewood, Warriewood Shopping Square"
84,POA2103,79,0,5,9,10204,100,Mona Vale
85,POA2104,16,0,0,0,3420,9,Bayview
86,POA2105,3,0,0,0,1723,6,"Church Point, Morning Bay, Elvina Bay, Lovett Bay, Scotland Island, Mccarrs Creek"
87,POA2106,39,0,3,4,8781,30,"Newport, Newport Beach"
88,POA2107,23,0,3,6,13851,23,"Clareville, Bilgola Beach, Whale Beach, Bilgola Plateau, Careel Bay, Avalon Beach, Bilgola"
89,POA2108,9,0,0,0,1444,3,"Great Mackerel Beach, Palm Beach, Currawong Beach, Coasters Retreat, The Basin"
90,POA2109,158,65,18,13,3018,56,Macquarie University
91,POA2110,208,5,12,21,9894,154,"Hunters Hill, Woolwich"
92,POA2111,507,19,32,90,13911,403,"Henley, Gladesville, Huntleys Point, Huntleys Cove, Tennyson Point, Monash Park, Boronia Park"
93,POA2112,1998,129,186,303,31848,1352,"Ryde, Putney, Denistone East"
94,POA2113,889,67,51,146,17810,695,"Macquarie Centre, East Ryde, Macquarie Park, North Ryde, Blenheim Road"
95,POA2114,1898,112,220,285,23319,1403,"Meadowbank, West Ryde, Denistone, Denistone West, Melrose Park"
96,POA2115,768,12,95,140,10328,507,Ermington
97,POA2116,562,11,70,83,6449,445,Rydalmere
98,POA2117,1845,44,236,235,20665,1241,"Dundas, Dundas Valley, Telopea, Oatlands"
99,POA2118,2446,61,321,403,23686,1640,"Carlingford, Carlingford Court, Carlingford North, Kingsdene"
100,POA2119,376,20,47,77,11273,222,"Beecroft, Cheltenham"
101,POA2120,639,16,44,116,19489,446,"Pennant Hills, Thornleigh, Westleigh"
102,POA2121,2400,183,308,298,27453,1507,"Epping, North Epping"
103,POA2122,3484,328,335,480,30290,2509,"Marsfield, Eastwood"
104,POA2123,0,0,0,0,0,0,Parramatta
105,POA2125,588,19,50,119,15918,407,West Pennant Hills
106,POA2126,703,10,69,136,18338,534,Cherrybrook
107,POA2127,1032,42,163,121,14092,491,"Sydney Olympic Park, Wentworth Point, Homebush Bay, Newington"
108,POA2128,255,11,58,26,4086,174,Silverwater
109,POA2129,0,0,0,0,0,0,Sydney Markets
110,POA2130,313,12,34,42,7084,271,Summer Hill
111,POA2131,2303,169,208,287,23097,2004,Ashfield
112,POA2132,927,32,65,160,10310,826,Croydon
113,POA2133,829,15,64,166,10708,725,"Enfield South, Croydon Park"
114,POA2134,2716,381,237,251,15540,1770,"Burwood North, Burwood"
115,POA2135,2674,252,274,262,24549,2096,Strathfield
116,POA2136,595,23,65,88,7132,515,"Strathfield South, Burwood Heights, Enfield"
117,POA2137,1480,58,120,225,25470,1213,"Mortlake, Breakfast Point, Concord, Cabarita, North Strathfield"
118,POA2138,1966,353,184,167,19481,800,"Concord West, Rhodes, Liberty Grove"
119,POA2139,5,0,0,0,52,8,Concord Repatriation Hospital
120,POA2140,1993,136,273,169,15564,1370,"Homebush, Homebush South, Homebush West"
121,POA2141,5657,318,746,595,27920,4257,"Rookwood, Lidcombe North, Berala, Lidcombe"
122,POA2142,2992,145,447,398,25611,2205,"Camellia, Blaxcell, Granville, South Granville, Rosehill, Clyde, Holroyd"
123,POA2143,1243,33,166,164,8696,946,"Birrong, Potts Hill, Regents Park"
124,POA2144,7409,461,1151,753,36368,5970,Auburn
125,POA2145,4426,104,490,676,77197,3462,"Wentworthville, Girraween, Pemulwuy, Westmead, Greystanes, Mays Hill, South Wentworthville, Pendle Hill, Constitution Hill"
126,POA2146,923,38,100,129,16980,610,"Toongabbie East, Toongabbie, Old Toongabbie"
127,POA2147,1302,27,154,237,35367,1074,"Lalor Park, Seven Hills West, Seven Hills, Kings Langley"
128,POA2148,3357,104,381,513,61354,2847,"Prospect, Kings Park, Marayong, Huntingwood, Blacktown, Blacktown Westpoint, Arndell Park"
129,POA2150,3063,160,305,350,30718,2369,"Parramatta, Harris Park, Parramatta Westfield"
130,POA2151,1285,30,165,224,20693,1027,"North Parramatta, North Rocks"
131,POA2152,405,15,56,56,10849,290,Northmead
132,POA2153,2023,40,211,399,55055,1260,"Winston Hills, Bella Vista, Baulkham Hills"
133,POA2154,1603,37,188,285,38472,1036,Castle Hill
134,POA2155,1359,24,149,253,54070,682,"Rouse Hill, Beaumont Hills, Kellyville Ridge, Kellyville"
135,POA2156,104,0,12,20,12480,89,"Annangrove, Glenhaven, Kenthurst"
136,POA2157,53,0,4,10,3588,50,"Glenorie, Forest Glen, Canoelands"
137,POA2158,187,4,21,29,8266,131,"Round Corner, Dural, Middle Dural"
138,POA2159,46,0,4,12,4798,37,"Galston, Arcadia, Berrilee, Fiddletown"
139,POA2160,3806,219,538,458,34975,2719,"Merrylands, Merrylands West"
140,POA2161,3438,158,506,408,30535,2567,"Guildford, Old Guildford, Yennora, Guildford West"
141,POA2162,2322,79,375,284,18117,1902,"Chester Hill, Sefton"
142,POA2163,1503,49,212,210,9328,1318,"Lansdowne, Carramar, Villawood"
143,POA2164,2342,58,303,405,19068,1809,"Smithfield West, Smithfield, Woodpark, Wetherill Park"
144,POA2165,9090,346,1388,1264,41286,7265,"Fairfield West, Fairfield East, Fairfield, Fairfield Heights"
145,POA2166,14369,550,2035,1747,51010,13124,"Canley Vale, Cabramatta, Cabramatta West, Lansvale, Canley Heights"
146,POA2167,351,6,46,57,9372,245,Glenfield
147,POA2168,4495,135,673,656,42365,3670,"Green Valley, Ashcroft, Heckenberg, Busby, Cartwright, Miller, Hinchinbrook, Sadleir"
148,POA2170,9308,310,1270,1438,102607,7594,"Casula, Lurnea, Hammondville, Liverpool South, Chipping Norton, Casula Mall, Mount Pritchard, Liverpool, Moorebank, Liverpool Westfield, Prestons, Warwick Farm"
149,POA2171,1910,42,212,372,34056,1169,"Hoxton Park, Carnes Hill, Cecil Hills, West Hoxton, Len Waters Estate, Horningsea Park, Elizabeth Hills, Middleton Grange"
150,POA2172,25,0,3,7,2701,17,"Sandy Point, Voyager Point, Pleasure Point"
151,POA2173,305,6,25,59,14024,230,"Holsworthy, Wattle Grove"
152,POA2174,85,0,11,14,2217,20,Edmondson Park
153,POA2175,94,0,7,13,1792,90,Horsley Park
154,POA2176,6605,149,669,1178,46648,5554,"Bossley Park, Abbotsbury, St Johns Park, Greenfield Park, Prairiewood, Wakeley, Edensor Park"
155,POA2177,2899,55,327,450,15539,2569,"Bonnyrigg Heights, Bonnyrigg"
156,POA2178,199,3,18,33,4095,194,"Kemps Creek, Mount Vernon, Cecil Park"
157,POA2179,404,8,37,77,6287,423,"Austral, Leppington"
158,POA2190,2405,38,267,413,24924,2277,"Mount Lewis, Greenacre, Chullora"
159,POA2191,599,7,50,119,6163,518,Belfield
160,POA2192,1641,46,128,336,12317,1666,Belmore
161,POA2193,1239,46,80,248,14745,1138,"Hurlstone Park, Canterbury, Ashbury"
162,POA2194,5157,240,683,602,23926,4357,Campsie
163,POA2195,3546,185,509,378,26572,3178,"Wiley Park, Lakemba"
164,POA2196,3339,92,378,556,31021,3050,"Roselands, Punchbowl"
165,POA2197,709,14,105,103,8813,577,Bass Hill
166,POA2198,478,8,53,61,8799,396,Georges Hall
167,POA2199,2079,62,271,317,17468,1681,"Yagoona, Yagoona West"
168,POA2200,6053,285,814,852,42423,5240,"Condell Park, Mount Lewis, Bankstown Square, Bankstown Aerodrome, Bankstown North, Manahan, Bankstown"
169,POA2203,764,22,28,177,13201,815,Dulwich Hill
170,POA2204,2375,71,140,483,25410,2538,"Marrickville Metro, Marrickville, Marrickville South"
171,POA2205,1730,161,156,219,18884,931,"Turrella, Wolli Creek, Arncliffe"
172,POA2206,1546,31,60,397,18814,1574,"Earlwood, Undercliffe, Clemton Park"
173,POA2207,2166,52,153,450,27755,2022,"Bexley South, Bexley North, Bexley, Bardwell Park, Bardwell Valley"
174,POA2208,1188,31,56,261,12120,1042,"Kingsway West, Kingsgrove"
175,POA2209,1878,69,166,297,15373,1442,"Beverly Hills, Narwee"
176,POA2210,2688,61,218,445,29723,1829,"Peakhurst, Peakhurst Heights, Lugarno, Riverwood"
177,POA2211,1095,42,92,180,16377,795,"Padstow Heights, Padstow"
178,POA2212,1109,31,99,190,15386,809,"Revesby Heights, Revesby, Revesby North"
179,POA2213,775,11,71,119,21137,561,"Panania, East Hills, Picnic Point"
180,POA2214,56,0,8,10,3839,39,Milperra
181,POA2216,2142,111,154,393,27230,1974,"Rockdale, Kyeemagh, Brighton-Le-Sands, Banksia"
182,POA2217,1787,86,133,322,26078,1514,"Beverley Park, Ramsgate Beach, Kogarah, Kogarah Bay, Monterey, Ramsgate"
183,POA2218,1708,65,113,311,16029,1500,"Allawah, Carlton"
184,POA2219,505,10,25,115,12767,452,"Dolls Point, Sans Souci, Sandringham"
185,POA2220,5475,351,533,719,31681,4225,"Hurstville Grove, Hurstville Westfield, Hurstville"
186,POA2221,1109,29,101,216,15972,810,"Blakehurst, Kyle Bay, Carss Park, South Hurstville, Connells Point"
187,POA2222,1145,54,93,162,12452,923,Penshurst
188,POA2223,910,30,69,168,20215,656,"Mortdale, Oatley"
189,POA2224,366,4,26,60,13746,294,"Kangaroo Point, Sylvania, Sylvania Southgate, Sylvania Waters"
190,POA2225,34,3,0,0,5208,16,Oyster Bay
191,POA2226,135,0,11,19,12013,105,"Jannali, Como, Bonnet Bay"
192,POA2227,135,9,10,27,14071,97,"Gymea Bay, Gymea"
193,POA2228,372,10,39,63,17633,299,"Miranda, Yowie Bay"
194,POA2229,285,10,20,52,27601,220,"Taren Point, Caringbah, Caringbah South, Port Hacking, Dolans Bay, Lilli Pilli"
195,POA2230,145,8,17,25,27393,132,"Greenhills Beach, Burraneer, Maianbar, Woolooware, Bundeena, Cronulla"
196,POA2231,3,0,0,0,2162,11,Kurnell
197,POA2232,396,10,33,68,31716,287,"Audley, Sutherland, Loftus, Kirrawee, Woronora, Kareela, Grays Point"
198,POA2233,99,0,10,22,28543,75,"Waterfall, Woronora Heights, Heathcote, Yarrawarrah, Engadine"
199,POA2234,425,12,27,98,29654,309,"Lucas Heights, Illawong, Menai Central, Menai, Bangor, Alfords Point, Barden Ridge"
200,POA2250,618,15,76,103,64297,387,"Wyoming, Somersby, West Gosford, Mount Elliot, Erina, Niagara Park, Central Mangrove, Mangrove Mountain, Glenworth Valley, Kariong, Narara, Tascott, Peats Ridge, Mount White, Kulnura, Springfield, Point Clare, Mooney Mooney Creek, Lisarow, Gosford, East Gosford, Mangrove Creek, Upper Mangrove, North Gosford, Matcham, Ten Mile Hollow, Erina Fair, Point Frederick, Holgate, Bucketty, Lower Mangrove, Wendoree Park, Greengrove, Calga"
201,POA2251,94,0,9,21,31088,75,"Picketts Valley, Bouddi, Davistown, Copacabana, Green Point, Yattalunga, Kincumber, Macmasters Beach, Avoca Beach, Saratoga, Bensville, Kincumber South"
202,POA2256,109,5,15,24,14852,69,"Horsfield Bay, Phegans Bay, Woy Woy Bay, Little Wobby, Patonga, Koolewong, Pearl Beach, Blackwall, Wondabyne, Woy Woy"
203,POA2257,97,0,11,18,27540,73,"Killcare Heights, Booker Bay, Daleys Point, Empire Bay, Hardys Bay, Pretty Beach, Box Head, Killcare, St Huberts Island, Umina Beach, Ettalong Beach, Wagstaffe"
204,POA2258,17,0,5,0,4949,16,"Palmdale, Palm Grove, Fountaindale, Kangy Angy, Ourimbah"
205,POA2259,312,12,38,50,56832,217,"Wybung, Yarramalong, Cedar Brush Creek, Kiar, Frazer Park, Lake Munmorah, Dooralong, Wadalba, Bushells Ridge, Mardi, Little Jilliby, Warnervale, Gwandalan, Alison, Mannering Park, Freemans, Tacoma South, Halloran, Watanobbi, Jilliby, Crangan Bay, Wyong, Durren Durren, Point Wolstoncroft, Moonee, Tacoma, Kingfisher Shores, Wyong Creek, Chain Valley Bay, Ravensdale, Rocky Point, Wyee Point, Lemon Tree, Wyee, Kanwal, Wallarah, Tuggerah, Tuggerawong, Woongarrah, Summerland Point, Wyongah, Hamlyn Terrace"
206,POA2260,70,0,12,10,22106,57,"Terrigal, Wamberal, Erina Heights, Forresters Beach, North Avoca"
207,POA2261,189,11,25,39,50189,155,"Blue Bay, Killarney Vale, Bateau Bay, Bay Village, Tumbi Umbi, Chittaway Point, Long Jetty, The Entrance North, Magenta, The Entrance, Toowoon Bay, Berkeley Vale, Glenning Valley, Shelly Beach, Chittaway Bay"
208,POA2262,66,0,3,20,19830,52,"Colongra, Budgewoi, Halekulani, Doyalson North, San Remo, Budgewoi Peninsula, Buff Point, Doyalson, Blue Haven"
209,POA2263,86,6,14,17,23115,69,"Charmhaven, Gorokan, Norah Head, Canton Beach, Toukley, Noraville, Lake Haven"
210,POA2264,54,3,11,5,13449,33,"Yarrawonga Park, Myuna Bay, Dora Creek, Silverwater, Mirrabooka, Mandalong, Balcolyn, Morisset, Eraring, Sunshine, Windermere Park, Morisset Park, Bonnells Bay, Brightwaters"
211,POA2265,16,3,0,0,5477,15,"Cooranbong, Martinsville"
212,POA2267,8,0,0,0,2542,9,Wangi Wangi
213,POA2278,0,0,0,0,2454,0,"Barnsley, Killingworth, Wakefield"
214,POA2280,67,3,7,12,25398,53,"Croudace Bay, Marks Point, Belmont South, Jewells, Belmont, Valentine, Floraville, Belmont North"
215,POA2281,24,0,7,0,13487,18,"Blacksmiths, Little Pelican, Swansea, Middle Camp, Murrays Beach, Pinny Beach, Pelican, Swansea Heads, Caves Beach, Cams Wharf, Nords Wharf, Catherine Hill Bay"
216,POA2282,54,3,9,5,13956,44,"Warners Bay, Lakelands, Eleebana"
217,POA2283,61,5,16,7,21897,42,"Buttaba, Balmoral, Carey Bay, Coal Point, Fishing Point, Rathmines, Fassifern, Arcadia Vale, Kilaben Bay, Ryhope, Bolton Point, Toronto, Blackalls Park, Fennell Bay, Awaba"
218,POA2284,39,0,6,6,9899,32,"Teralba, Argenton, Marmong Point, Boolaroo, Woodrising, Speers Point, Booragul"
219,POA2285,118,9,20,11,29402,83,"Macquarie Hills, Cardiff South, Cameron Park, Edgeworth, Cardiff, Cardiff Heights, Glendale"
220,POA2286,0,0,0,0,3755,3,"West Wallsend, Seahampton, Holmesville"
221,POA2287,543,70,54,65,34778,298,"Birmingham Gardens, Rankin Park, Elermore Vale, Minmi, Maryland, Fletcher, Wallsend South, Wallsend, Summer Hill"
222,POA2289,143,16,9,22,18235,130,"Highfields, Kotara Fair, Kotara, Kotara South, Adamstown Heights, Garden Suburb, Adamstown"
223,POA2290,166,12,13,28,31725,159,"Charlestown, Dudley, Whitebridge, Bennetts Green, Redhead, Mount Hutton, Gateshead, Kahibah, Hillsborough, Tingira Heights"
224,POA2291,39,0,0,6,12571,50,"The Junction, Merewether, Merewether Heights"
225,POA2292,21,0,0,3,2339,30,"Hamilton North, Broadmeadow"
226,POA2293,0,0,0,0,2357,9,"Maryville, Wickham"
227,POA2294,3,0,3,0,1794,3,Carrington
228,POA2295,12,0,0,9,6508,6,"Fern Bay, Stockton"
229,POA2296,15,0,0,0,1748,23,Islington
230,POA2297,29,4,0,0,1590,12,Tighes Hill
231,POA2298,95,16,11,11,9008,127,"Waratah, Georgetown, Waratah West"
232,POA2299,409,97,42,26,10631,252,"Lambton, Jesmond, North Lambton"
233,POA2300,52,3,12,0,9657,40,"Newcastle, The Hill, Cooks Hill, Newcastle East, Bar Beach"
234,POA2302,6,3,0,0,523,9,Newcastle West
235,POA2303,144,0,5,20,8626,165,"Hamilton South, Hamilton East, Hamilton"
236,POA2304,226,17,17,24,14452,225,"Kooragang, Warabrook, Mayfield, Mayfield West, Sandgate, Mayfield East, Mayfield North"
237,POA2305,99,11,12,11,11912,73,"New Lambton, Kotara East, New Lambton Heights"
238,POA2306,3,0,0,0,3168,12,Windale
239,POA2307,54,16,5,0,3715,39,Shortland
240,POA2308,16,17,0,0,1285,41,"Newcastle University, Callaghan"
241,POA2311,0,0,0,0,813,0,"East Gresford, Halton, Gresford, Bingleburra, Mount Rivers, Upper Allyn, Lostock, Allynbrook, Eccleston, Carrabolla, Lewinsbrook"
242,POA2312,0,0,0,0,1379,0,"Minimbah, Nabiac"
243,POA2314,0,0,0,0,175,0,Williamtown Raaf
244,POA2315,50,0,0,5,13617,51,"Fingal Bay, Corlette, Shoal Bay, Nelson Bay"
245,POA2316,3,0,3,0,5424,6,"Taylors Beach, Fishermans Bay, Boat Harbour, Anna Bay, Bobs Farm, One Mile"
246,POA2317,18,0,0,0,5828,13,"Soldiers Point, Salamander Bay"
247,POA2318,15,0,0,3,11457,19,"Medowie, Salt Ash, Ferodale, Campvale, Williamtown, Oyster Cove, Fullerton Cove"
248,POA2319,12,0,0,0,6301,3,"Tilligerry Creek, Tanilba Bay, Mallabula, Lemon Tree Passage"
249,POA2320,80,4,8,8,32911,53,"Mindaribba, Bolwarra Heights, Keinbah, Allandale, Mount Dee, South Maitland, Anambah, Louth Park, Farley, Lorn, Rutherford, Largs, Wallalong, Horseshoe Bend, Maitland Vale, Windella, Maitland, Oakhampton, Gosforth, Telarah, Maitland North, Bolwarra, Pokolbin, Rosebrook, Rothbury, Aberglasslyn, Oakhampton Heights, Hillsborough, Glen Oak, Melville"
250,POA2321,13,0,0,0,13970,6,"Butterwick, Duns Creek, Morpeth, Woodville, Lochinvar, Duckenfield, Luskintyre, Raworth, Cliftleigh, Berry Park, Clarence Town, Glen William, Oswald, Heddon Greta, Glen Martin, Gillieston Heights, Harpers Hill, Windermere, Phoenix Park, Hinton"
251,POA2322,136,15,8,5,17618,57,"Hexham, Stockrington, Chisholm, Lenaghan, Black Hill, Woodberry, Tarro, Beresfield, Thornton, Tomago"
252,POA2323,107,3,9,16,24520,105,"East Maitland, Mulbring, Metford, Ashtonfield, Four Mile Creek, Buttai, Brunkerville, Green Hills, Metford Dc, Pitnacree, Freemans Waterhole, Buchanan, Mount Vincent, Tenambit, Richmond Vale"
253,POA2324,48,3,5,6,22270,29,"Limeburners Creek, Twelve Mile Creek, East Seaham, Millers Forest, Seaham, Tea Gardens, Eagleton, Cells River, Tahlee, Osterley, Brandy Hill, Hawks Nest, North Arm Cove, Raymond Terrace East, Pindimar, Carrington, Heatherbrae, Bundabah, Nelsons Plains, Swan Bay, Balickera, Raymond Terrace, Karuah"
254,POA2325,46,4,12,3,26909,36,"Paxton, Quorrobolong, Wollombi, Cessnock West, Kearsley, Cessnock, Kitchener, Ellalong, Bellbird, Mount View, Elrington, Pelton, Nulkaba, Lovedale, Laguna, Abernethy, Millfield, Greta Main, Sweetmans Creek, Olney, Paynes Crossing, Cedar Creek, Congewai, Moruben, Corrabare, Aberdare, Bellbird Heights"
255,POA2326,3,0,0,0,6910,6,"Neath, Abermain, Bishops Bridge, Weston, Loxford, Sawyers Gully"
256,POA2327,7,0,0,0,7303,8,"Stanford Merthyr, Pelaw Main, Kurri Kurri"
257,POA2328,3,0,0,0,2341,0,"Denman, Widden, Kerrabee, Martindale, Bureen, Hollydeen, Giants Creek, Yarrawa, Dalswinton, Mangoola"
258,POA2329,0,0,0,0,2016,4,"Cassilis, Borambil, Uarbry, Merriwa"
259,POA2330,57,7,10,0,19299,50,"Ravensworth, Gowrie, Glenridding, Howick, Warkworth, Glendon Brook, Scotts Flat, Hunterview, Putty, Dunolly, Gouldsville, Milbrodale, Long Point, Goorangoola, Mitchells Flat, Redbournberry, Whittingham, Big Ridge, Doyles Creek, Mirannie, Glendon, Hebden, Wollemi, Darlington, Sedgefield, Mount Thorley, Bowmans Creek, Mount Olive, Maison Dieu, Appletree Flat, Camberwell, Bridgman, Singleton, Combo, Middle Falbrook, Westbrook, Mount Royal, Obanvale, Reedy Creek, Jerrys Plains, Big Yengo, Lemington, Fern Gully, Garland Valley, Fordwich, Rixs Creek, Hambledon Hill, Howes Valley, St Clair, Dyrring, Clydesdale, Wattle Ponds, Dural, Roughit, Falbrook, Wylies Flat, Bulga, Mcdougalls Hill, Broke, Greenlands, Glennies Creek, Singleton Heights, Carrowbrook"
260,POA2333,31,3,9,3,12992,26,"Baerami Creek, Mccullys Gap, Liddell, Edderton, Sandy Hollow, Castle Rock, Muscle Creek, Gungal, Kayuga, Bengalla, Baerami, Manobalai, Muswellbrook, Wybong"
261,POA2334,0,0,0,0,2690,6,Greta
262,POA2335,8,0,0,0,5895,6,"Leconfield, Elderslie, Stanhope, North Rothbury, Lower Belford, East Branxton, Dalwood, Lambs Valley, Belford, Branxton"
263,POA2336,3,0,0,0,2459,0,"Upper Rouchel, Rouchel, Dartbrook, Upper Dartbrook, Aberdeen, Rouchel Brook, Davis Creek, Rossgole"
264,POA2337,60,5,19,3,7487,49,"Stewarts Brook, Owens Gap, Moonan Flat, Ellerston, Satur, Wingen, Moonan Brook, Moobi, Glenrock, Segenhoe, Scone, Glenbawn, Tomalla, Gundy, Belltrees, Murulla, Bunnan, Kars Springs, Parkville, Middle Brook, Pages Creek, Woolooma, Omadale, Waverly, Brawboy, Dry Creek"
265,POA2338,0,0,0,0,1341,3,"Timor, Ardglen, Pages River, Murrurundi, Green Creek, Blandford, Crawney, Sandy Creek, Scotts Creek"
266,POA2339,0,0,0,0,638,0,"Warrah Creek, Cattle Creek, Braefield, Little Jacks Creek, Willow Tree, Macdonalds Creek, Warrah, Parraweena, Big Jacks Creek, Chilcotts Creek"
267,POA2340,333,82,22,10,46101,87,"Loomberah, Daruka, Somerton, Hillvue, Moore Creek, Garoo, Hanging Rock, Appleby, Westdale, Gowrie, Goonoo Goonoo, South Tamworth, Nundle, Calala, Carroll, Bithramere, Woolomin, Tamworth South, Gidley, Keepit, Barry, Oxley Vale, Duncans Creek, Weabonga, Warral, Ogunbil, North Tamworth, Kingswood, Dungowan, Wallamore, Bective, Hallsville, Piallamore, Taminda, West Tamworth, Nemingha, Timbumburi, Bowling Alley Point, East Tamworth, Tamworth"
268,POA2341,0,0,0,0,1475,3,Werris Creek
269,POA2342,0,0,0,0,436,0,"Piallaway, Currabubula"
270,POA2343,0,0,0,0,4639,3,"Coomoo Coomoo, Warrah Ridge, Spring Ridge, Quirindi, Pine Ridge, Blackville, Colly Blue, Yarraman, Wallabadah, Caroona, Borambil, Bundella, Windy, Yannergee, Quipolly"
271,POA2344,3,0,0,0,723,0,"Duri, Winton"
272,POA2345,0,0,0,0,682,0,"Garthowen, Attunga"
273,POA2346,3,0,0,0,2990,0,"Wongo Creek, Borah Creek, Manilla, Halls Creek, Klori, Namoi River, Upper Manilla, Wimborne, New Mexico, Rushes Creek, Warrabah"
274,POA2347,4,0,0,0,1807,6,"Thirldene, Woodsreef, Cobbadah, Banoon, Red Hill, Barraba, Gundamulda, Gulf Creek, Mayvale, Upper Horton, Ironbark, Lindesay, Longarm"
275,POA2350,225,71,29,5,23462,173,"Hillgrove, Tilbuster, Dangarsleigh, Lyndhurst, Castle Doyle, Duval, Wongwibinda, Abington, Dumaresq, Aberfoyle, Saumarez, East Armidale, Boorolong, Wollomombi, Kellys Plains, Jeogla, Enmore, Wards Mistake, Armidale, Saumarez Ponds, Invergowrie, Thalgarrah, West Armidale, Puddledock, Donald Creek, Argyle, Metz"
276,POA2351,8,4,3,0,912,6,University Of New England
277,POA2352,0,0,0,0,2585,3,"Limbri, Mulla Creek, Kootingal, Tintinhull"
278,POA2353,0,0,0,0,1063,0,Moonbi
279,POA2354,0,0,0,0,3372,3,"Woolbrook, Niangala, Kentucky, Walcha, Nowendoc, Wollun, Yarrowitch, Walcha Road, Kentucky South"
280,POA2355,0,0,0,0,616,0,"Watsons Creek, Retreat, Bendemeer"
281,POA2357,11,0,0,3,3842,6,"Coonabarabran, Ulamambri, Gowang, Wattle Springs, Purlewaugh, Box Ridge, Dandry, Rocky Glen, Tannabar, Bugaldie, Bomera"
282,POA2358,3,0,0,0,3529,4,"Gostwyck, Arding, Yarrowyck, Enmore, Rocky River, Torryburn, Balala, Salisbury Plains, Mihi, Kingstown, Uralla"
283,POA2359,0,0,0,0,694,0,"Bakers Creek, Bundarra, Aberdeen, Camerons Creek"
284,POA2360,49,8,8,0,13613,60,"Wandera, Copeton, Mount Russell, Little Plain, Auburn Vale, Rob Roy, Cherry Tree Hill, Stanborough, Sapphire, Swanbrook, Inverell, Bukkulla, Howell, Spring Mountain, Gilgai, Nullamanna, Brodies Plains, Long Plain, Woodstock, Wallangra, Oakwood, Kings Plains, Newstead, Paradise, Elsmore, Gum Flat, Graman"
285,POA2361,6,0,0,0,852,0,"Ashford, Atholwood, Limestone, Bonshaw, Pindaroi"
286,POA2365,13,0,0,0,3473,0,"Oban, Brushy Creek, Tubbamurra, Glencoe, Brockley, Ben Lomond, Georges Creek, Guyra, The Gulf, Falconer, Llangothlin, Black Mountain, Baldersleigh, Bald Blair, Mount Mitchell, Wandsworth, Maybole, South Guyra, Backwater, Tenterden, Green Hills, Briarbrook, Bassendean, Glen Nevis, The Basin, New Valley"
287,POA2369,3,0,0,0,867,0,"Tingha, Old Mill, Stannifer"
288,POA2370,15,0,5,0,7148,9,"Dundee, Moggs Swamp, Shannon Vale, Glen Innes, Wellingrove, Morven, Glen Elgin, Kingsland, Stonehenge, Diehard, Reddestone, Pinkett, Matheson, Bald Nob, Swan Vale, Gibraltar Range, Newton Boyd, Lambs Valley, Kookabookra, Yarrowford, Moogem, Furracabad, Kingsgate, Red Range, Rangers Valley"
289,POA2371,0,0,0,0,1073,0,"Rocky Creek, Yellow Dam, Capoompeta, Emmaville, Stannum, Deepwater, Wellington Vale, Torrington"
290,POA2372,8,0,5,0,4404,7,"Silent Grove, Woodside, Liston, Bolivia, Sandy Hill, Back Creek, Rocky River, Tarban, Black Swamp, Boorook, Sandy Flat, Rivertree, Boonoo Boonoo, Dumaresq Valley, Mole River, Wylie Creek, Forest Land, Timbarra, Bookookoorara, Tenterfield, Bungulla, Carrolls Creek, Willsons Downfall, Cullendore"
291,POA2380,29,3,5,3,9864,17,"Coocooboonah, Ghoolendaadi, Kelvin, Rangari, Orange Grove, Milroy, Emerald Hill, Marys Mount, Gunnedah, Burburgate, Blue Vale"
292,POA2381,0,0,0,0,1123,0,"Curlewis, Pullaming, Breeza, Tambar Springs, Premer"
293,POA2382,3,3,0,0,1251,3,"Maules Creek, Willala, Wean, Boggabri"
294,POA2386,0,0,0,0,322,0,"Drildool, Burren Junction, Nowley"
295,POA2388,4,0,0,0,2516,6,"Merah North, Cuttabri, Yarrie Lake, Spring Plains, Boolcarroll, Pilliga, The Pilliga, Wee Waa"
296,POA2390,9,0,4,0,8245,18,"Jacks Creek, Kaputar, Turrawan, Eulah Creek, Edgeroi, Harparary, Narrabri West, Berrigal, Rocky Creek, Baan Baa, Bullawa Creek, Couradda, Back Creek, Narrabri, Tarriaro, Bohena Creek"
297,POA2395,4,0,0,0,605,0,"Ropers Road, Binnaway, Weetaliba"
298,POA2396,0,0,0,0,816,0,"Barwon, Goorianawa, Kenebri, Baradine"
299,POA2397,0,0,0,0,344,0,"Millie, Bellata, Jews Lagoon"
300,POA2399,0,0,0,0,552,0,"Biniguy, Pallamallawa"
301,POA2400,39,3,3,5,9374,27,"Bullarah, Terry Hie Hie, Moree East, Moree, Crooble, Tulloona, Mallowa, Ashley"
302,POA2401,0,0,0,0,308,0,Gravesend
303,POA2402,3,0,0,0,1664,3,"Coolatai, Warialda, Warialda Rail"
304,POA2403,0,0,0,0,683,0,"Delungra, Myall Creek, Koloona, Gragin, Balfours Peak"
305,POA2404,3,0,0,0,1702,0,"Bingara, Elcombe, Keera, Gineroi, Bangheet, Pallal, Riverview, Dinoga, Upper Bingara"
306,POA2405,0,0,0,0,437,0,"Boomi, Garah"
307,POA2406,0,0,0,0,742,3,"Weemelah, Mungindi"
308,POA2408,0,0,0,0,338,0,"North Star, Blue Nobby, Yallaroi"
309,POA2409,0,0,0,0,973,0,"Boggabilla, Boonal"
310,POA2410,0,0,0,0,246,3,"Yetman, Twin Rivers"
311,POA2415,0,0,0,0,361,0,"Monkerai, Nooroo, Stroud Road, Upper Karuah River, Weismantels"
312,POA2420,0,0,0,0,3780,0,"Fosterton, Wallarobba, Underbank, Dungog, Stroud Hill, Bendolba, Main Creek, Wirragulla, Sugarloaf, Brookfield, Bandon Grove, Salisbury, Hanleys Creek, Marshdale, Munni, Flat Tops, Wallaringa, Cambra, Tabbil Creek, Hilldale, Alison, Chichester, Martins Creek"
313,POA2421,0,0,0,0,1766,0,"Webbers Creek, Tocal, Fishers Hill, Trevallyn, Vacy, Paterson, Torryburn, Summer Hill"
314,POA2422,3,0,0,0,4980,3,"Gloucester Tops, Belbora, Barrington, Bulliac, Stratford, Cobark, Rawdon Vale, Gangat, Gloucester, Craven, Copeland, Giro, Bundook, Wards River, Forbesdale, Rookhurst, Dewitt, Curricabark, Callaghans Creek, Bowman, Faulkland, Mograni, Bindera, Upper Bowman, Titaatee Creek, Baxters Ridge, Barrington Tops, Coneac, Terreel, Bretti, Craven Plateau, Tugrabakh, Invergordon, Glen Ward, Bowman Farm, Kia Ora, Back Creek, Waukivory, Tibbuc, Woko, Berrico, Mernot, Wallanbah, Moppy, Mares Run, Bakers Creek"
315,POA2423,0,0,0,0,2761,3,"Upper Myall, Bungwahl, Crawford River, Violet Hill, Wang Wauk, Mayers Flat, Wootton, Boolambayte, Topi Topi, Bulahdelah, Markwell, Mungo Brush, Warranulla, Myall Lake, Nerong, Bombah Point, Coolongolook, Yagon, Willina, Seal Rocks"
316,POA2424,0,0,0,0,396,0,"Knorrit Flat, Mount George, Cells River, Cundle Flat, Caffreys Flat, Number One, Tiri, Cooplacurripa, Knorrit Forest"
317,POA2425,3,0,0,0,1678,0,"Allworth, Washpool, Stroud, The Branch, Girvan, Booral"
318,POA2426,0,0,0,0,673,0,"Moto, Coopernook, Langley Vale"
319,POA2427,3,0,0,3,2851,7,"Harrington, Crowdy Head"
320,POA2428,51,3,7,8,22358,46,"Whoota, Coomba Bay, Coomba Park, Elizabeth Beach, Blueys Beach, Smiths Lake, Booti Booti, Tiona, Forster, Shallow Bay, Green Point, Forster Shopping Village, Tuncurry, Wallingat, Charlotte Bay, Tarbuck Bay, Darawank, Sandbar, Pacific Palms, Wallis Lake, Boomerang Beach"
321,POA2429,11,0,3,0,9168,0,"Bobin, Kimbriki, Cedar Party, Bucca Wauka, Burrell Creek, Krambach, Dyers Crossing, Yarratt Forest, Killawarra, Killabakh, Wingham, Innes View, Comboyne, Kundibakh, Elands, Bulga Forest, Wherrol Flat, Khatambuhl, Marlee, Dollys Flat, Mooral Creek, Strathcedar, Bunyah, The Bight, Warriwillah, Tipperary, Caparra, Boorganna, Firefly, Kippaxs, Dingo Forest, Karaak Flat"
322,POA2430,59,3,13,3,32084,68,"Purfleet, Cundletown, Bohnock, Rainbow Flat, Taree, Brimbin, Cabbage Tree Island, Kundle Kundle, Glenthorne, Black Head, Oxley Island, Dumaresq Island, Chatham, Ghinni Ghinni, Old Bar, Lansdowne, Mitchells Island, Hallidays Point, Possum Brush, Lansdowne Forest, Koorainghat, Diamond Beach, Kolodong, Tallwoods Village, Failford, Bootawa, Upper Lansdowne, Hillville, Red Head, Kiwarrak, Croki, Tinonee, Jones Island, Wallabi Point, Saltwater, Manning Point, Pampoolah, Mondrook, Taree South, Melinga"
323,POA2431,16,0,0,0,4800,6,"South West Rocks, Arakoon, Jerseyville"
324,POA2439,0,0,0,0,2754,0,"Kerewong, Lorne, Black Creek, Rossglen, Batar Creek, Upsalls Creek, Kew, Logans Crossing, Kendall, Swans Crossing"
325,POA2440,46,5,4,3,20685,22,"West Kempsey, Yarravel, Dondingalong, East Kempsey, Lower Creek, Old Station, Frederickton, Temagog, Comara, Rainbow Reach, Kinchela, Yessabah, South Kempsey, Wittitrin, Skillion Flat, Toorooka, Sherwood, Hampden Hall, Willi Willi, Bellimbopinni, Willawarrin, Belmore River, Kempsey, Greenhill, Aldavilla, Carrai, Hickeys Creek, Gladstone, Millbank, Pola Creek, Austral Eden, Hat Head, Euroka, Deep Creek, Clybucca, Seven Oaks, Mooneba, Turners Flat, Crescent Head, Moparrabah, Smithtown, Collombatti, Burnt Bridge, Summer Island, Bellbrook, Mungay Creek, Corangula, Verges Creek"
326,POA2441,3,0,0,0,4111,12,"Eungai Rail, Yarrahapinni, Kundabung, Bril Bril, Upper Rollands Plains, Cooperabung, Eungai Creek, Stuarts Point, Tamban, Crossmaglen, Telegraph Point, Fishermans Reach, Allgomera, Grassy Head, Ballengarra, Gum Scrub, Barraganyatti, Marlo Merrican, Kippara, Bonville, Rollands Plains, Hacks Ferry"
327,POA2443,10,0,0,0,8281,6,"Diamond Head, Laurieton, Coralville, Waitui, Bobs Creek, North Haven, Deauville, Middle Brother, Stewarts River, Dunbogan, Lakewood, North Brother, Camden Head, Moorland, Hannam Vale, Crowdy Bay National Park, West Haven, Herons Creek, Johns River"
328,POA2444,124,8,20,14,43674,66,"Riverside, Limeburners Creek, Blackmans Point, Fernbank Creek, Port Macquarie Bc, North Shore, The Hatch, Flynns Beach, Port Macquarie, Thrumster, Settlement City, Lighthouse Beach"
329,POA2445,3,0,0,3,6034,0,"Bonny Hills, Lake Cathie, Grants Beach, Jolly Nose"
330,POA2446,8,0,0,0,12625,0,"Wauchope, Hartys Plains, Banda Banda, Yippin Creek, Redbank, Long Flat, Pembrooke, Bago, Ellenborough, Birdwood, Bellangry, Lower Pappinbarra, Forbes River, Hollisdale, Sancrox, Toms Creek, Rawdon Island, King Creek, Brombin, Rosewood, Beechwood, Pappinbarra, Yarras, Cairncross, Byabarra, Huntingdon, Mount Seaview, Kindee, Mortons Creek, Doyles River, Gearys Flat, Upper Pappinbarra, Werrikimbe, Frazers Creek, Bagnoo, Debenham, Lake Innes, Kings Creek, Crosslands, Hyndmans Creek, Pipeclay"
331,POA2447,5,0,0,0,6721,12,"Gumma, Taylors Arm, Wirrimbi, Congarinni, Scotts Head, Newee Creek, Warrell Creek, Upper Taylors Arm, Thumb Creek, Talarm, Macksville, Congarinni North, Burrapine, Donnellyville, Yarranbella, Bakers Creek, Way Way, Utungun, North Macksville"
332,POA2448,6,0,0,3,8501,10,"Hyland Park, Valla, Valla Beach, Nambucca Heads"
333,POA2449,3,0,0,0,2068,0,"South Arm, Missabotti, Bowraville, Buckra Bendinni, Killiekrankie, Tewinga, Girralong, Argents Hill, Kennaicle Creek"
334,POA2450,535,63,105,36,41379,340,"Upper Orara, Coffs Harbour, Coffs Harbour Plaza, Moonee Beach, Nana Glen, Bonville, Sapphire Beach, Brooklana, Ulong, Korora, Lower Bucca, Glenreagh, Coffs Harbour Jetty, Sherwood, Lowanna, North Boambee Valley, Bucca, Coramba, Boambee, Karangi"
335,POA2452,35,8,5,4,14242,21,"Sawtell, Boambee East, Toormina"
336,POA2453,3,0,0,0,2596,6,"Never Never, Deer Vale, Billys Creek, North Dorrigo, Ebor, Marengo, Dundurrabin, Clouds Creek, Tallowwood Ridge, Cascade, Bielsdown Hills, Tyringham, Bostobrick, Megan, Hernani, Dorrigo, Fernbrook, Briggsvale, Dorrigo Mountain, Wild Cattle Creek, Moonpar"
337,POA2454,8,0,0,0,7176,6,"Mylestom, Fernmount, Valery, Raleigh, Thora, Spicketts Creek, Brinerville, Kalang, Sunny Corner, Repton, Brierfield, Bundagen, Darkwood, Gleniffer, Bellingen"
338,POA2455,0,0,0,0,2814,6,Urunga
339,POA2456,257,24,38,14,13888,127,"Mullaway, Emerald Beach, Upper Corindi, Corindi Beach, Red Rock, Arrawarra, Arrawarra Headland, Safety Beach, Dirty Creek, Woolgoolga, Sandy Beach"
340,POA2460,41,3,5,6,27557,45,"Smiths Creek, Halfway Creek, Gurranang, Eatonsville, Braunstone, Buccarumbi, Kungala, Clifden, Lanitza, Whiteman Creek, Banyabba, Fine Flower, Carrs Creek, Coutts Crossing, Tyndale, Baryulgil, Collum Collum, Bookram, Waterview, Eighteen Mile, Brushgrove, Jackadgery, Mountain View, Fortis Creek, Alumy Creek, Grafton, Lionsville, Lilydale, Dalmorton, Kangaroo Creek, Lower Southgate, Great Marlow, Seelands, Chambigne, South Grafton, Grafton West, Junction Hill, Copmanhurst, Dilkoon, Levenstrath, South Arm, Bom Bom, Ramornie, Upper Copmanhurst, Stockyard Creek, Coaldale, Cowper, Heifer Station, The Pinnacles, Cangai, Southgate, Wells Crossing, Elland, Clarenza, Waterview Heights, Newbold, Deep Creek, Punchbowl, Koolkhan, Washpool, Carnham, Trenayr, The Whiteman, Wombat Creek, Moleville Creek, Mylneford, Upper Fine Flower, Glenugie, Dumbudgery, Chaelundi, Kyarran, Pulganbar, Winegrove, Towallum, Crowther Island, Nymboida, Southampton, Sandy Crossing, Calamia, Blaxlands Creek, Barcoongere, Warragai Creek, Coombadjha, Rushforth, Malabugilmah, Barretts Creek, Lawrence, Kremnos, Shannondale, Carrs Island, Carrs Peninsular"
341,POA2462,3,0,0,0,2263,0,"Wooli, Lavadia, Ulmarra, Swan Creek, Pillar Valley, Gilletts Ridge, Minnie Water, Lake Hiawatha, Diggers Camp, Calliope, Tucabia, Coldstream"
342,POA2463,5,0,0,0,7154,9,"Maclean, Palmers Island, Townsend, The Sandon, Shark Creek, Palmers Channel, Ashby, Ashby Island, Gulmarrad, Woodford Island, Ilarwill, James Creek, Tullymorgan, Jacky Bulbin Flat, Brooms Head, Sandon, Taloumbi, Woodford, Ashby Heights"
343,POA2464,14,0,0,3,6281,11,"Freeburn Island, Angourie, Micalo Island, Yuraygir, Yamba, Wooloweyah"
344,POA2465,0,0,0,0,282,0,Harwood
345,POA2466,3,0,0,0,1620,0,"Woody Head, Iluka, The Freshwater"
346,POA2469,4,0,0,0,3759,4,"Haystack, Lower Duck Creek, Paddys Flat, Bonalbo, Ewingar, Rappville, Theresa Creek, Gorge Creek, Goodwood Island, Pikapene, Camira, Tabulam, Mallanganee, Chatsworth, Drake, Kippenduff, Old Bonalbo, Pagans Flat, Bottle Creek, Duck Creek, Mummulgum, Mount Marsh, Alice, Capeen Creek, Myrtle Creek, Drake Village, Mororo, Lower Bottle Creek, Whiporie, Deep Creek, Gibberagee, Jacksons Flat, Clearfield, Joes Box, Six Mile Swamp, Louisa Creek, Bean Creek, Keybarbin, Tunglebung, Wyan, Peacock Creek, Woombah, Lower Peacock, Bungawalbin, Hogarth Range, Busbys Flat, Warregah Island, Mookima Wybra, Bingeebeebra Creek, Cambridge Plateau, Coongbar, Yabbra, Culmaran Creek, Sandilands, Simpkins Creek, Upper Duck Creek, Bulldog"
347,POA2470,19,0,6,0,14507,31,"Ellangowan, Sextonville, Yorklea, Irvington, Fairy Hill, Babyl Creek, Dobies Bight, Dyraaba Creek, Shannon Brook, Stratheden, Dyraaba Central, Baraimal, Spring Grove, Leeville, Dyraaba, Coombell, Doubtful Creek, Naughtons Gap, Casino, Backmede, Tomki, Woodview, Upper Mongogarie, Lower Dyraaba, Woolners Arm, North Casino, Piora, Mongogarie"
348,POA2471,10,0,3,3,2410,6,"Codrington, Bora Ridge, Tatham, Coraki, North Woodburn, Swan Bay, Greenridge, East Coraki, West Coraki, West Bungawalbin, Green Forest"
349,POA2472,3,0,0,0,1737,0,"Rileys Hill, Broadwater, Buckendoon, Esk, Woodburn, Tabbimoble, New Italy, Trustums Hill, The Gap, Kilgin, Moonem"
350,POA2473,6,0,0,0,2908,3,"Evans Head, South Evans Head, Bundjalung, Iron Gates, Doonbah"
351,POA2474,6,0,0,0,6019,3,"Cawongla, Findon Creek, Loadstone, Rukenvale, Green Pigeon, Roseberry Creek, Cedar Point, Sawpit Creek, Horseshoe Creek, Border Ranges, Barkers Vale, Eden Creek, Roseberry, Upper Eden Creek, Wadeville, Kilgra, Homeleigh, Kyogle, The Risk, Edenville, Upper Horseshoe Creek, Wiangaree, Afterlee, Toonumbar, Sherwood, Gradys Creek, Cougal, Wyneden, Geneva, Ettrick, Dairy Flat, New Park, Smiths Creek, Little Back Creek, West Wiangaree, Grevillia, Warrazambil Creek, Fawcetts Plain, Unumgar, Iron Pot Creek, Ghinni Ghi, Horse Station Creek, Terrace Creek, Lynchs Creek, Old Grevillia, Collins Creek"
352,POA2475,0,0,0,0,361,0,"Upper Tooloom, Tooloom, Urbenville"
353,POA2476,0,0,0,0,753,0,"Koreelah, Old Koreelah, Legume, Muli Muli, The Glen, Lindesay Creek, Acacia Creek, Acacia Plateau, Lower Acacia Creek, Brumby Plains, Woodenbong, Boomi Creek"
354,POA2477,12,0,0,3,11625,14,"Lynwood, Wardell, Rous, Alstonvale, Rous Mill, Tuckombil, Bagotville, Pearces Creek, Meerschaum Vale, Cabbage Tree Island, East Wardell, Wollongbar, Goat Island, Alstonville, Dalwood, Uralba"
355,POA2478,43,3,3,0,26721,56,"Empire Vale, East Ballina, Ballina, South Ballina, Cumbalum, Patchs Beach, Lennox Head, Pimlico Island, Pimlico, Keith Hall, Skennars Head, Tintenbar, Coolgardie, West Ballina, Teven"
356,POA2479,16,0,0,0,4458,6,"Bangalow, Brooklet, Binna Burra, Knockrow, Coopers Shoot, Coorabell, Newrybar, Mcleods Shoot, Nashua, Possum Creek, Fernleigh"
357,POA2480,128,8,13,9,42270,132,"Tucki Tucki, Marom Creek, East Lismore, Mcleans Ridges, Lismore, Bentley, South Gundurimba, Blue Knob, Blakebrook, Eltham, Rosebank, Goonellabah, Bexhill, Clovass, South Lismore, The Channon, Tregeagle, Jiggi, Chilcotts Grass, Nimbin, Modanville, Fernside, Keerrong, Bungabbee, Wyrallah, Koonorigan, Lismore Heights, Booyong, Eureka, Lillian Rock, Repentance Creek, Goolmangar, Tuncester, Whian Whian, Dorroughby, Rock Valley, Corndale, Tullera, Clunes, North Lismore, Caniaba, Numulgi, Richmond Hill, Larnook, Coffee Camp, Leycester, Stony Chute, Monaltrie, Nightcap, Girards Hill, Mountain Top, Federal, Tuntable Creek, Georgica, Booerie Creek, Dungarubba, Boorabee Park, Mckees Hill, Terania Creek, Ruthven, Lindendale, Dunoon, Loftville, Tuckurimba, Howards Grass, Boat Harbour, Lagoon Grass, Woodlawn"
358,POA2481,34,8,8,0,10899,31,"Hayters Hill, Broken Head, Suffolk Park, Talofa, Ewingsdale, Tyagarah, Byron Bay, Skinners Shoot, Myocum"
359,POA2482,11,0,0,0,5940,14,"Upper Wilsons Creek, Main Arm, Upper Coopers Creek, Goonengerry, Montecollum, Huonbrook, Mullumbimby, Mullumbimby Creek, Upper Main Arm, Koonyum Range, Wanganui, Palmwoods, Wilsons Creek"
360,POA2483,16,0,3,0,9997,31,"Sleepy Hollow, Middle Pocket, Crabbes Creek, Burringbar, Upper Burringbar, Wooyung, Ocean Shores, Mooball, Yelgun, The Pocket, Brunswick Heads, New Brighton, Billinudgel, South Golden Beach"
361,POA2484,47,0,3,4,17940,51,"Dum Dum, Condong, Pumpenbil, Kielvale, Chillingham, Crystal Creek, Reserve Creek, Murwillumbah South, Murwillumbah, Kunghur, Terragon, Mebbin, Round Mountain, Fernvale, Dunbible, Uki, Dungay, Mount Burrell, Clothiers Creek, Rowlands Creek, Zara, Dulguigan, Cudgera Creek, Tyalgum Creek, Limpinwood, Doon Doon, Stokers Siding, Farrants Hill, Eungella, Urliup, Tomewin, Chowan Creek, Nobbys Creek, Smiths Creek, Commissioners Creek, Hopkins Creek, Byangum, North Arm, South Murwillumbah, Back Creek, Palmvale, Kunghur Creek, Numinbah, Cedar Creek, Eviron, Byrrill Creek, Upper Crystal Creek, Mount Warning, Bray Park, Kynnumboon, Nunderi, Tygalgah, Brays Creek, Wardrop Valley, Midginbil, Tyalgum"
362,POA2485,66,8,10,5,13684,53,"Tweed Heads West, Tweed Heads"
363,POA2486,109,3,16,15,29998,92,"Piggabeen, Carool, Bilambil Heights, Tweed Heads South, Cobaki, Banora Point, Upper Duroby, Glengarrie, Duroby, Terranora, Bilambil, Cobaki Lakes, Bungalora"
364,POA2487,10,0,0,0,12655,12,"Duranbah, Cudgen, Kingscliff, Kings Forest, Fingal Head, Casuarina, Stotts Creek, Chinderah"
365,POA2488,3,0,0,0,3087,3,"Bogangar, Tanglewood, Cabarita Beach"
366,POA2489,13,0,6,0,7013,6,"Pottsville, Pottsville Beach, Hastings Point"
367,POA2490,3,0,0,0,628,0,"North Tumbulgum, Tumbulgum"
368,POA2500,1819,312,152,205,38459,1658,"Wollongong, Wollongong DC, Keiraville, Mount Keira, Gwynneville, Wollongong West, Mangerton, Spring Hill, North Wollongong, Coniston, Mount Saint Thomas, West Wollongong"
369,POA2502,1046,20,68,237,11909,1112,"Primbee, Cringila, Warrawong, Lake Heights"
370,POA2505,320,0,3,89,4811,440,"Kemblawarra, Port Kembla"
371,POA2506,201,4,17,52,7324,191,Berkeley
372,POA2508,41,0,0,9,8540,29,"Maddens Plains, Coalcliff, Helensburgh, Otford, Woronora Dam, Darkes Forest, Stanwell Tops, Stanwell Park, Lilyvale"
373,POA2515,20,0,4,3,10435,17,"Coledale, Thirroul, Clifton, Wombarra, Scarborough, Austinmer"
374,POA2516,29,3,7,3,5774,16,Bulli
375,POA2517,82,0,5,7,13142,64,"Woonona, Woonona East, Russell Vale"
376,POA2518,289,9,16,50,18211,297,"Bellambi, Corrimal East, East Corrimal, Tarrawanna, Corrimal, Towradgi"
377,POA2519,486,48,32,72,16172,457,"Balgownie, Fernhill, Mount Ousley, Fairy Meadow, Mount Pleasant"
378,POA2525,250,7,18,47,11085,214,Figtree
379,POA2526,238,3,12,48,15019,283,"Cordeaux, Cordeaux Heights, Kembla Heights, Kembla Grange, Mount Kembla, Farmborough Heights, Unanderra"
380,POA2527,101,3,13,13,20468,104,"Tullimbar, Tongarra, Calderwood, Yellow Rock, Albion Park Rail, North Macquarie, Albion Park, Croom"
381,POA2528,409,7,17,99,22632,436,"Warilla, Lake Illawarra, Windang, Barrack Heights, Mount Warrigal, Barrack Point"
382,POA2529,356,5,16,92,24995,324,"Shell Cove, Shellharbour City Centre, Blackbutt, Oak Flats, Flinders, Shellharbour Square, Dunmore, Shellharbour, Oak Flats Dc"
383,POA2530,249,4,15,46,30710,239,"Penrose, Yallah, Koonawarra, Dombarton, Huntley, Brownsville, Haywards Bay, Cleveland, Kanahooka, Dapto, Marshall Mount, Wongawilli, Avondale, Horsley"
384,POA2533,47,3,8,3,14660,42,"Jerrara, Kiama, Jamberoo, Curramore, Bombo, Kiama Heights, Minnamurra, Kiama Downs, Saddleback Mountain"
385,POA2534,11,0,3,3,5308,5,"Broughton Village, Willow Vale, Werri Beach, Toolijooa, Gerringong, Rose Valley, Gerroa, Foxground"
386,POA2535,15,0,0,0,6844,6,"Coolangatta, Broughton, Jaspers Brush, Far Meadow, Wattamolla, Bellawongarah, Woodhill, Budderoo, Shoalhaven Heads, Berry Mountain, Broughton Vale, Brogers Creek, Berry, Bundewallah, Back Forest"
387,POA2536,63,0,10,9,16462,62,"South Durras, Guerilla Bay, Catalina, Denhams Beach, Maloneys Beach, North Batemans Bay, Jeremadra, Pebbly Beach, Surfside, Bimbimbie, Benandarah, Buckenbowra, Long Beach, Surf Beach, Mogo, Depot Beach, Lilli Pilli, Runnyford, Batemans Bay, Sunshine Bay, Malua Bay, Batehaven, Nelligen, Woodlands, Rosedale, East Lynne, Currowan, Durras North"
388,POA2537,21,0,3,7,10862,23,"Congo, Meringo, Mossy Point, Moruya Heads, Bergalia, Deua, Bingie, Moruya, Mogendoura, Wamban, Broulee, Coila, Tuross Head, Deua River Valley, Tomakin, Kiora, Turlinjah"
389,POA2538,11,0,0,0,2235,5,"Mogood, Little Forest, Brooman, Woodstock, Milton, Porters Creek, Morton, Woodburn"
390,POA2539,45,0,7,9,16624,45,"Conjola, Croobyar, Bawley Point, Yatte Yattah, Burrill Lake, Kioloa, Fishermans Paradise, Berringer Lake, Cunjurong Point, Pretty Beach, Mollymook, Lake Tabourie, Bendalong, Cockwhy, Conjola Park, Yadboro, Ulladulla, Mollymook Beach, Termeil, Pointer Mountain, Manyana, Narrawallee, Lake Conjola, Kings Point, Dolphin Point, Mount Kingiman"
391,POA2540,166,9,11,31,41916,122,"Wreck Bay, Hmas Creswell, Jervis Bay, Culburra Beach, Tomerong, Sussex Inlet, Currarong, Worrigee, Cambewarra Village, Cudmirrah, Terara, Meroo Meadow, Browns Mountain, Illaroo, Old Erowal Bay, Worrowing Heights, Twelve Mile Peg, Hyams Beach, Brundee, Nowra Naval Po, Nowra Hill, Sanctuary Point, St Georges Basin, Pyree, Moollattoo, Callala Beach, Myola, Orient Point, Wrights Beach, Mundamia, Tullarwalla, Tallowal, Bream Beach, Callala Bay, Yalwal, Boolijah, Yerriyong, Berrara, Vincentia, Greenwell Point, Mondayong, Kinghorne, Wandandian, Falls Creek, Ettrema, Woollamia, Beecroft Peninsula, Wollumboola, Bewong, Erowal Bay, Burrier, Comerong Island, Swanhaven, Basin View, Bamarang, Bolong, Numbaa, Hmas Albatross, Buangla, Barringella, Comberton, Longreach, Cambewarra, Jerrawangala, Watersleigh, Huskisson, Parma, Tapitallee, Mayfield"
392,POA2541,119,6,30,13,24149,85,"Nowra Dc, Bomaderry, Nowra, West Nowra, South Nowra, Nowra East, North Nowra, Nowra North, Bangalee"
393,POA2545,0,0,0,0,985,0,"Belowra, Bodalla, Eurobodalla, Potato Point, Cadgee, Nerrigundah"
394,POA2546,14,0,3,0,8356,25,"Wallaga Lake Heights, Murrah, Narooma, Tinpot, Akolele, Bermagui, Corunna, Kianga, Central Tilba, Tilba Tilba, Dalmeny, Beauty Point, Wallaga Lake, Cuttagee, Dignams Creek, Barragga Bay, Wadbilliga, Mystery Bay, North Narooma"
395,POA2548,13,0,0,0,7013,8,"Bournda, Tura Beach, Merimbula, Berrambool, Mirador, Yellow Pinch"
396,POA2549,4,0,0,0,3526,6,"Nethercote, Broadwater, Pambula Beach, Pambula, Greigs Flat, Millingandi, Lochiel, Bald Hills, South Pambula"
397,POA2550,16,3,3,3,14688,12,"Wog Wog, Jellat Jellat, Nelson, Bournda, Mumbulla Mountain, Burragate, Coolangubra, Wandella, Doctor George Mountain, Quaama, Greendale, Mogilla, Devils Hole, Mogareeka, Verona, Towamba, Reedy Swamp, Cobargo, Stony Creek, Kalaru, Myrtle Mountain, Numbugga, Yambulla, Kameruka, Candelo, Bemboka, Tarraganda, Angledale, Rocky Hall, South Wolumla, Wapengo, Bega, Black Range, Tanja, Pericoe, Morans Crossing, Tathra, Wolumla, Wallagoot, Brogo, Tantawangalo, Chinnock, Kanoona, New Buildings, Frogs Hollow, Buckajo, Wyndham, Yowrie, Coolagolite, Toothdale, Yankees Creek, Kingswood, Coopers Gully"
398,POA2551,3,0,3,0,3227,13,"Boydtown, Green Cape, Wonboyn, Kiah, Eden, Wonboyn North, Timbillica, Wonboyn Lake, Nungatta South, Edrom, Nungatta, Nadgee, Narrabarba, Nullica"
399,POA2555,17,0,7,0,208,26,Badgerys Creek
400,POA2556,62,3,4,18,2411,64,Bringelly
401,POA2557,280,10,35,54,8727,200,"Rossmore, Catherine Field, Gregory Hills, Gledswood Hills"
402,POA2558,283,6,25,58,10780,206,"Eschol Park, Kearns, Eagle Vale"
403,POA2559,89,3,18,17,2917,103,"Claymore, Blairmount"
404,POA2560,1681,49,183,304,73810,1323,"Leumeah, Englorie Park, Woodbine, Glen Alpine, Kentlyn, Wedderburn, Macarthur Square, Blair Athol, Appin, Gilead, Rosemeadow, Airds, Campbelltown North, Ruse, Cataract, Bradbury, St Helens Park, Campbelltown, Ambarvale"
405,POA2563,0,0,0,0,289,6,Menangle Park
406,POA2564,514,13,77,78,13580,484,"Long Point, Macquarie Fields, Glenquarie"
407,POA2565,646,16,79,85,19452,417,"Ingleburn, Macquarie Links, Denham Court, Bardia"
408,POA2566,804,25,92,113,25549,593,"Minto Heights, Minto DC, St Andrews, Bow Bowing, Raby, Varroville, Minto"
409,POA2567,345,4,50,53,37425,201,"Narellan Dc, Smeaton Grange, Harrington Park, Narellan, Currans Hill, Mount Annan, Narellan Vale"
410,POA2568,3,0,0,0,1112,0,Menangle
411,POA2569,3,0,0,0,1308,6,Douglas Park
412,POA2570,175,0,20,30,38663,75,"Glenmore, Werombi, Orangeville, Grasmere, Camden Park, Brownlow Hill, Mount Hunter, Oakdale, Camden South, Spring Farm, Theresa Park, Bickley Vale, Nattai, Oran Park, Cawdor, Cobbitty, Belimbla Park, Ellis Lane, Elderslie, Camden, The Oaks, Kirkham"
413,POA2571,29,0,9,5,11359,24,"Balmoral Village, Balmoral, Maldon, Wilton, Couridjah, Razorback, Picton, Buxton, Mowbray Park"
414,POA2572,22,0,0,7,4291,25,"Thirlmere, Lakesland"
415,POA2573,32,0,5,9,4880,23,Tahmoor
416,POA2574,27,0,0,7,5525,14,"Pheasants Nest, Avon, Bargo, Yanderra"
417,POA2575,66,3,6,14,14693,34,"Yerrinbool, Mount Lindsey, High Range, Mittagong, Alpine, Willow Vale, Colo Vale, Mandemar, Aylmerton, Wattle Ridge, Woodlands, Goodmans Ford, Renwick, Bullio, Braemar, Welby, Balaclava, Joadja, Hill Top"
418,POA2576,37,0,5,8,12665,25,"East Bowral, Burradoo, Bowral, East Kangaloon, Glenquarry, Kangaloon"
419,POA2577,122,71,6,7,14520,33,"Paddys River, Kangaroo Valley, Burrawang, Medway, Budgong, Berrima, New Berrima, Upper Kangaroo River, Yarrunga, Sutton Forest, Carrington Falls, Barrengarry, Macquarie Pass, Belanglo, Meryla, Beaumont, Werai, Canyonleigh, Knights Hill, Robertson, Wildes Meadow, Avoca, Moss Vale, Barren Grounds, Mount Murray, Red Rocks, Fitzroy Falls, Manchester Square, Upper Kangaroo Valley"
420,POA2578,3,0,0,0,2521,7,Bundanoon
421,POA2579,5,0,0,0,3790,6,"Brayton, Exeter, Marulan, Tallong, Wingello, Penrose, Big Hill"
422,POA2580,159,18,13,9,27622,104,"Carrick, Bannaby, Richlands, Mayfield, Chatsbury, Middle Arm, Wayo, Towrang, Gundary, Curraweela, Myrtleville, Taralga, Currawang, Goulburn North, Yarra, Quialigo, Windellama, Kingsdale, Yalbraith, Baw Baw, Tarlo, Stonequarry, Bungonia, Mount Fairy, Goulburn, Wombeyan Caves, Pomeroy, Run-O-Waters, Goulburn DC, Tarago, Golspie, Lower Boro, Woodhouselee, Tirrannaville, Bannister, Roslyn, Paling Yards, Greenwich Park, Jerrong, Mummel, Lake Bathurst, Parkesbourne, Brisbane Grove, Boxers Creek, Wiarborough"
423,POA2581,3,0,0,3,1978,3,"Dalton, Broadway, Gurrundah, Lake George, Blakney Creek, Merrill, Biala, Bellmount Forest, Oolong, Wollogorang, Breadalbane, Bevendale, Collector, Lade Vale, Gunning, Lerida, Cullerin"
424,POA2582,16,3,0,3,11761,40,"Mullion, Jeir, Yass, Jerrawa, Cavan, Good Hope, Wee Jasper, Bango, Bowning, Manton, Bookham, Boambolo, Kangiara, Yass River, Laverstock, Marchmont, Murrumbateman, Burrinjuck, Berremangra, Woolgarlo, Narrangullen"
425,POA2583,0,0,0,0,4148,6,"Binda, Laggan, Narrawa, Limerick, Grabben Gullen, Crookwell, Pejar, Rugby, Tuena, Lost River, Bigga, Crooked Corner, Wheeo, Blanket Flat, Kialla, Peelwood, Fullerton"
426,POA2584,0,0,0,0,517,0,Binalong
427,POA2585,0,0,0,0,217,3,Galong
428,POA2586,3,0,0,0,2466,6,"Boorowa, Frogmore, Murringo, Godfreys Creek, Taylors Flat, Rye Park, Reids Flat"
429,POA2587,11,0,0,3,2718,8,"Wombat, Cunningar, Murrumburrah, Nubba, Beggan Beggan, Kingsvale, Harden, Mcmahons Reef"
430,POA2588,0,0,0,0,231,0,Wallendbeen
431,POA2590,23,3,3,0,6618,8,"Bethungra, Cootamundra, Illabo"
432,POA2594,42,3,6,12,10957,38,"Burrangong, Young, Bulla Creek, Milvale, Monteagle, Maimuru, Barwang, Tubbul, Kikiamah, Weedallion, Memagong, Bribbaree, Berthong, Thuddungra"
433,POA2619,41,0,0,12,9064,42,Jerrabomberra
434,POA2620,508,8,31,70,37391,523,"Hume, Paddys River, Beard, Oaks Estate, Tharwa, Kowen, Queanbeyan, Yarrow, Tinderry, Queanbeyan East, The Ridgeway, Sutton, Williamsdale, Queanbeyan West, Karabar, Burra, Michelago, Tralee, Royalla, Crestwood, Urila, Gundaroo, Clear Range, Carwoola, The Angle, Wamboin, Environa, Greenleigh, Queanbeyan DC, Googong"
435,POA2621,4,0,0,3,5727,3,"Bungendore, Anembo, Bywong, Forbes Creek, Hoskinstown, Primrose Valley, Rossi"
436,POA2622,14,0,0,0,3574,6,"Bendoura, Corang, Braidwood, Ballalaba, Nerriga, Warri, Araluen, Jinden, Reidsdale, Mulloon, Boro, Charleys Forest, Endrick, Back Creek, Oallen, Oranmeir, Krawarree, Snowball, Larbert, Palerang, Merricumbene, Wog Wog, Touga, St George, Coolumburra, Gundillion, Manar, Mayfield, Northangera, Jembaicumbene, Jerrabattgulla, Farringdon, Tomboye, Wyanbene, Durran Durra, Quiera, Monga, Tolwong, Hereford Hall, Budawang, Jingera, Kindervale, Murrengenburg, Majors Creek, Sassafras, Marlowe, Harolds Cross, Neringla, Bulee, Mongarlowe, Berlang, Tianjara, Bombay"
437,POA2623,0,0,0,0,568,0,Captains Flat
438,POA2625,3,0,0,0,367,0,"Thredbo Village, Thredbo"
439,POA2626,0,0,0,0,467,3,"Bredbo, Bumbalong, Colinton"
440,POA2627,34,4,0,3,4255,13,"Kosciuszko National Park, Ingebirah, Jindabyne, Pilot Wilderness, Grosses Plain, Crackenback, East Jindabyne, Kalkite, Kosciuszko, Moonbah"
441,POA2628,3,0,0,0,1779,4,"Beloka, Eucumbene, Hill Top, Snowy Plain, Nimmo, Dalgety, Berridale, Paupong, Byadbo Wilderness, Braemar Bay, Avonside, Rocky Plain, Cootralantra, Numbla Vale"
442,POA2629,3,0,0,0,483,3,"Tantangara, Cabramurra, Anglers Reach, Adaminaby, Old Adaminaby, Long Plain, Kiandra, Bolaro, Yaouk, Providence Portal"
443,POA2630,41,8,3,3,8132,29,"Rhine Falls, Bungarby, Bunyan, Cooma, Jerangle, Billilingra, Maffra, Bobundara, Coolringdon, Frying Pan, Badja, Middle Flat, Numeralla, Peak View, Rock Flat, Binjura, Dairymans Plains, The Brothers, Glen Fergus, Dry Plain, Dangelong, Springfield, Cooma North, Countegany, Middlingbank, Wambrook, Buckenderra, Murrumbucca, Polo Flat, Pine Valley, Rose Valley, Myalla, Tuross, Shannons Flat, Carlaminda, Chakola, Ironmungy, Jimenbuen, Arable"
444,POA2631,0,0,0,0,534,0,"Holts Flat, Winifred, Jincumbilly, Glen Allen, Mount Cooper, Greenlands, Steeple Flat, Nimmitabel, Boco, Ando, Creewah, Kybeyan"
445,POA2632,3,0,0,0,1707,3,"Cathcart, Paddys Flat, Rockton, Palarang, Bukalong, Lords Hill, Mount Darragh, Gunningrah, Mila, Merriangaah, Cambalong, Rosemeath, Bombala, Coolumbooka, Bondi Forest, Bibbenluke, Craigie, Quidong"
446,POA2633,0,0,0,0,350,0,"Corrowong, Tombong, Delegate"
447,POA2640,213,20,35,24,33932,194,"Talmalmo, Table Top, North Albury, Ournie, Moorwatha, Thurgoona, Lavington Dc, Bungowannah, East Albury, Wymah, South Albury, West Albury, Wirlinga, Glenroy, Ettamogah, Splitters Creek, Albury"
448,POA2641,253,19,51,23,14220,106,"Lavington, Hamilton Valley, Springdale Heights"
449,POA2642,6,0,3,0,4527,6,"Jagumba, Tooma, Burrumbuttock, Welaregang, Bidgeemia, Rand, Brocklesby, Walbundrie, Jagungal Wilderness, Greg Greg, Glenellen, Jingellic, Wrathall, Yerong Creek, Murray Gorge, Gerogery, Geehi, Khancoban, Indi, Jindera"
450,POA2643,7,3,0,0,2582,0,Howlong
451,POA2644,6,0,0,0,2202,0,"Little Billabong, Bowna, Mountain Creek, Woomargama, Lankeys Creek, Holbrook, Yarara, Mullengandra, Wantagong, Coppabella"
452,POA2645,0,0,0,0,362,0,"Urana, Cullivel"
453,POA2646,11,0,0,0,6290,12,"Daysdale, Rennie, Oaklands, Balldale, Coreen, Savernake, Corowa, Goombargana, Lowesdale, Sanger, Ringwood, Hopefield, Redlands, Nyora, Collendina"
454,POA2647,0,0,0,0,1978,6,Mulwala
455,POA2648,5,0,0,0,2194,0,"Mourquong, Ellerslie, Anabranch North, Palinyewah, Rufus, Pomona, Wentworth, Rufus River, Pooncarie, Moorara, Cal Lal, Para, Scotia, Pan Ban, Anabranch South, Pine Camp, Curlwaa"
456,POA2649,0,0,0,0,24,0,"Laurel Hill, Nurenmerenmong"
457,POA2650,460,29,118,19,53542,339,"Tolland, Burrandana, Bomen, Pulletop, East Wagga Wagga, Estella, Glenfield Park, Yathella, Wagga Wagga, Wantabadgery, Mount Austin, Eunanoreenya, Oura, Oberne Creek, Galore, Maxwell, Lake Albert, Ashmont, Gregadoo, Wallacetown, Boorooma, Kyeamba, Currawarna, Belfrayden, Cookardinia, Tatton, Cartwrights Hill, Big Springs, Brucedale, Moorong, San Isidore, Wagga Wagga South, Bourkelands, Gobbagombalin, Carabost, Downside, Turvey Park, Springvale, Yarragundry, Book Book, Harefield, Borambola, Alfredtown, Hillgrove, Bulgary, Wagga Wagga BC, Rowan, Lloyd, Kooringal, The Gap, North Wagga Wagga, Collingullie, Euberta, Gelston Park"
458,POA2651,6,0,0,3,2143,9,"Forest Hill, Wagga Wagga Raaf"
459,POA2652,0,0,0,0,4227,3,"Boree Creek, Boorga, Humula, Galore, Marrar, Gumly Gumly, Tarcutta, Tabbita, Uranquinty, Landervale, Ladysmith, Grong Grong, Rosewood, Matong, Cowabbie, Old Junee, Merriwagga, Mangoplah, Murrulebale, Goolgowi"
460,POA2653,4,0,0,0,2334,12,"Burra, Courabyra, Glenroy, Paddys River, Mannus, Taradale, Willigobung, Munderoo, Westdale, Tumbarumba, Maragle"
461,POA2655,3,0,0,0,1280,0,"The Rock, Tootool, French Park"
462,POA2656,5,0,0,0,1209,0,"Osborne, Urangeline East, Brookong, Fargunyah, Urangeline, Lockhart, Brookdale, Milbrulong"
463,POA2658,3,0,0,0,1363,0,"Pleasant Hills, Henty, Ryan, Munyabla"
464,POA2659,0,0,0,0,833,0,"Alma Park, Walla Walla"
465,POA2660,5,0,0,0,1503,0,"Morven, Culcairn"
466,POA2661,0,0,0,0,597,0,Kapooka
467,POA2663,75,16,3,0,4938,3,"Erin Vale, Eurongilly, Wantiool, Marinna, Junee"
468,POA2665,3,0,0,0,2070,0,"Mirrool, Barellan, Tara, Bectric, Kamarah, Moombooldool, Beckom, Binya, Walleroobie, Ariah Park, Quandary, Ardlethan"
469,POA2666,18,0,0,3,5353,4,"Grogan, Reefton, Dirnaseer, Junee Reefs, Morangarell, Mimosa, Combaning, Pucawan, Sebastopol, Temora, Gidginbung, Trungley Hall, Narraburra, Springdale"
470,POA2668,0,0,0,0,434,0,Barmedman
471,POA2669,0,0,0,0,1538,0,"Rankins Springs, Melbergen, Tallimba, Erigolia, Gubbata, Tullibigeal, Naradhan, Girral, Weethalle, Bygalorie, Ungarie, Kikoira"
472,POA2671,13,0,0,0,3855,0,"West Wyalong, North Yalgogrin, Wyalong, Alleena, Lake Cowal, Back Creek, Burcher"
473,POA2672,3,0,0,0,1472,0,"Lake Cargelligo, Curlew Waters, Murrin Bridge, Burgooney"
474,POA2675,24,13,0,0,1448,21,"Hillston, Wallanthery, Lake Brewster, Monia Gap, Roto"
475,POA2678,3,4,0,0,337,0,"Riverina Mc, Charles Sturt University"
476,POA2680,952,58,102,77,22685,726,"Beelbangera, Nericon, Bilbul, Griffith East, Yoogali, Willbriggie, Warburn, Warrawidgee, Hanwood, Kooba, Griffith, Griffith DC, Lake Wyangan, Tharbogang, Widgelli, Benerembah"
477,POA2681,18,0,3,0,1631,26,"Yenda, Myall Park"
478,POA2700,14,5,0,3,4594,9,"Sandigo, Morundah, Narrandera, Gillenbah, Colinroobie, Bundure, Cudgel, Euroley, Corobimilla"
479,POA2701,0,0,0,0,2249,0,"Methul, Berry Jerry, Coolamon, Rannock"
480,POA2702,0,0,0,0,745,0,Ganmain
481,POA2703,7,0,0,0,942,4,Yanco
482,POA2705,97,3,15,8,9638,67,"Corbie Hill, Whitton, Wamoon, Merungle Hill, Murrami, Leeton, Stanbridge, Brobenah, Gogeldrie"
483,POA2706,3,0,0,0,1101,6,Darlington Point
484,POA2707,9,0,0,0,1229,3,"Coleambally, Argoon"
485,POA2710,67,7,4,0,9440,26,"Pretty Pine, Mathoura, Wakool, Wandook, Birganbigil, Caldwell, Moonbria, Deniliquin, Stud Park, Conargo, Steam Plains, Calimo, Gulpa, Wanganella, Booroorban, Lindifferon, Barratta, Coree, Moira, Hartwood, Morago, Bullatale, Mayrung, Willurah, Warragoon"
486,POA2711,8,0,0,0,3047,10,"Oxley, Carrathool, Maude, Yanga, Gunbar, Keri Keri, Corrong, Waugorah, Booligal, Hay South, One Tree, Clare, Hay"
487,POA2712,0,0,0,0,1265,0,"Berrigan, Boomanoomana"
488,POA2713,8,0,3,0,2626,6,"Myrtle Park, Blighty, Logie Brae, Finley"
489,POA2714,3,0,0,0,2520,3,"Tuppal, Tocumwal, Aratula, Pine Lodge"
490,POA2715,3,0,0,0,1398,3,"Hatfield, Mungo, Balranald, Kyalite, Arumpo"
491,POA2716,3,0,0,0,1023,9,"Four Corners, Mairjimmy, Gala Vale, Mabins Well, Jerilderie"
492,POA2717,0,0,0,0,1251,3,"Dareton, Coomealla"
493,POA2720,18,0,3,4,7514,27,"Bombowlee, Pinbeyan, Lacmalac, Blowering, Talbingo, Gadara, Red Hill, Tumut, Minjary, Mundongo, Tumorrama, Argalong, Yarrangobilly, Couragago, Gocup, Gilmore, Killimicat, Little River, Goobarragandra, Jones Bridge, Bombowlee Creek, Wyangle, Buddong, Windowie, Tumut Plains, Bogong Peaks Wilderness, Wereboldera, Wermatong"
494,POA2721,0,0,0,0,224,0,"Quandialla, Bland"
495,POA2722,3,0,0,0,3004,3,"Gundagai, Darbalara, South Gundagai, Brungle Creek, Brungle, Jones Creek, Muttama, Burra Creek, Nangus"
496,POA2725,0,0,0,0,349,0,Stockinbingal
497,POA2726,0,0,0,0,200,0,"Cooneys Creek, Jugiong"
498,POA2727,0,0,0,0,319,0,"Coolac, Gobarralong, Adjungbilly"
499,POA2729,3,0,0,0,1590,0,"Westwood, Mount Horeb, Sandy Gully, Cooleys Creek, Califat, Black Creek, Adelong, Tumblong, Grahamstown, Darlow, Sharps Creek, Mundarlo, Yaven Creek, Bangadang, Ellerslie, Mount Adrah, Wondalga"
500,POA2730,42,5,0,7,1300,14,"Green Hills, Kunama, Lower Bago, Batlow"
501,POA2731,12,0,5,0,5903,12,"Bunnaloo, Tantonan, Womboota, Thyra, Moama"
502,POA2732,0,0,0,0,1631,6,"Burraboi, Gonn, Cobramunga, Tullakool, Thule, Barham, Noorong"
503,POA2733,0,0,0,0,500,3,"Dhuragoon, Niemur, Moulamein"
504,POA2735,3,0,0,0,411,3,"Koraleigh, Speewa"
505,POA2736,3,0,0,0,340,3,"Goodnight, Tooleybuc"
506,POA2737,9,0,0,0,805,20,Euston
507,POA2738,3,0,0,0,1563,3,"Paringi, Gol Gol, Trentham Cliffs, Mallee, Monak"
508,POA2739,5,0,0,4,1284,9,"Mourquong, Boeill Creek, Buronga"
509,POA2745,235,0,24,58,28648,176,"Mulgoa, Glenmore Park, Greendale, Luddenham, Regentville, Wallacia"
510,POA2747,619,20,76,126,41033,420,"Claremont Meadows, Kingswood, Shanes Park, Cambridge Gardens, Caddens, Werrington, Cambridge Park, Werrington County, Llandilo, Werrington Downs, Jordan Springs"
511,POA2748,23,0,3,3,1808,30,Orchard Hills
512,POA2749,113,0,8,30,16382,70,"Castlereagh, Cranebrook"
513,POA2750,489,18,62,78,43215,384,"Penrith, Leonay, Jamisontown, Emu Heights, South Penrith, Emu Plains, Penrith Plaza, Penrith South"
514,POA2752,14,0,0,0,4767,16,"Warragamba, Silverdale"
515,POA2753,108,0,13,26,16507,111,"Londonderry, Agnes Banks, Grose Wold, Hobartville, Bowen Mountain, Yarramundi, Grose Vale, Richmond, Richmond Lowlands"
516,POA2754,33,0,3,11,5398,16,"The Slopes, North Richmond, Tennyson"
517,POA2756,158,4,27,31,32769,94,"Bligh Park, Cornwallis, Colo, Mellong, Ebenezer, Freemans Reach, Cumberland Reach, Colo Heights, Glossodia, Sackville North, Cattai, Upper Colo, Pitt Town, Mulgrave, Mcgraths Hill, Pitt Town Bottoms, South Maroota, Sackville, Maroota, Windsor Downs, Central Colo, Windsor, Womerah, Scheyville, South Windsor, Wilberforce, Lower Portland, Clarendon"
518,POA2757,3,0,0,0,807,0,Kurmond
519,POA2758,16,0,0,7,8383,20,"Blaxlands Ridge, Wheeny Creek, Mountain Lagoon, Bilpin, Mount Tomah, Kurrajong Hills, East Kurrajong, Berambing, Kurrajong, The Devils Wilderness, Kurrajong Heights"
520,POA2759,462,15,45,90,25620,346,"St Clair, Erskine Park"
521,POA2760,764,23,103,116,32655,670,"Colyton, St Marys East, North St Marys, Ropes Crossing, Oxley Park, St Marys, St Marys South"
522,POA2761,1063,27,100,171,30324,822,"Plumpton, Hassall Grove, Dean Park, Oakhurst, Colebee, Glendenning"
523,POA2762,117,5,9,21,4844,78,Schofields
524,POA2763,837,15,80,164,30217,719,"Quakers Hill, Acacia Gardens"
525,POA2765,186,0,15,45,15565,166,"Box Hill, Vineyard, Nelson, Oakville, Riverstone, Marsden Park, Maraylya, Berkshire Park"
526,POA2766,679,7,69,116,15174,597,"Eastern Creek, Rooty Hill"
527,POA2767,916,25,88,175,21940,735,"Bungarribee, Woodcroft, Doonside"
528,POA2768,914,10,97,186,28216,637,"Parklea, Stanhope Gardens, Glenwood"
529,POA2769,292,8,48,60,11508,50,The Ponds
530,POA2770,2589,88,358,409,59292,2293,"Lethbridge Park, Tregear, Bidwill, Dharruk, Hebersham, Whalan, Willmot, Minchinbury, Emerton, Mount Druitt Village, Mount Druitt, Shalvey, Blackett"
531,POA2773,13,0,0,3,5704,14,"Lapstone, Glenbrook"
532,POA2774,25,0,3,6,12402,16,"Mount Riverview, Blaxland East, Blaxland, Warrimoo"
533,POA2775,0,0,0,0,1401,0,"Wisemans Ferry, Spencer, Marlow, St Albans, Higher Macdonald, Singletons Mill, Perrys Crossing, Lower Macdonald, Central Macdonald, Webbs Creek, Leets Vale, Fernances, Wrights Creek, Upper Macdonald, Laughtondale, Gunderman, Mogo Creek, Lower Hawkesbury"
534,POA2776,5,0,0,5,3859,7,Faulconbridge
535,POA2777,47,0,7,8,16907,35,"Hawkesbury Heights, Sun Valley, Winmalee, Yellow Rock, Springwood, Valley Heights"
536,POA2778,0,0,0,0,2333,0,"Linden, Woodford"
537,POA2779,17,0,0,4,4774,15,Hazelbrook
538,POA2780,99,8,13,12,12384,70,"Katoomba, Katoomba DC, Medlow Bath, Leura"
539,POA2782,18,0,3,6,5752,14,Wentworth Falls
540,POA2783,9,0,0,0,2479,6,Lawson
541,POA2784,7,0,0,3,1174,3,Bullaburra
542,POA2785,19,0,0,3,4251,12,"Megalong Valley, Blackheath, Megalong"
543,POA2786,0,0,0,0,1179,3,"Mount Irvine, Mount Victoria, Bell, Mount Wilson, Dargan"
544,POA2787,13,0,0,3,4216,9,"Duckmaloi, Essington, Oberon, Edith, Shooters Hill, Black Springs, Mount Werong, Mayfield, Gurnang, Tarana, Hazelgrove, Porters Retreat, Gingkin, Chatham Valley, Mozart, Norway, The Meadows, Jaunter, Kanangra, Mount Olive"
545,POA2790,62,3,7,17,14912,37,"Springvale, Littleton, Little Hartley, Oaky Park, Hartley, Hermitage Flat, Hartley Vale, Good Forest, Bowenfels, Clarence, Lidsdale, Kanimbla, Jenolan, South Littleton, Blackmans Flat, Hassans Walls, Rydal, Hampton, Pottery Estate, Wollangambe, Cullen Bullen, South Bowenfels, Morts Estate, Newnes Plateau, Lowther, Lithgow, Sodwalls, State Mine Gully, Newnes, Mount Lambie, Ben Bullen, Doctors Gap, Ganbenang, Wolgan Valley, Vale Of Clwydd, Corney Town, Mckellars Park, Sheedys Gully, Jenolan Caves, Marrangaroo, Cobar Park"
546,POA2791,0,0,0,0,311,0,"Carcoar, Errowanbang"
547,POA2792,0,0,0,0,370,0,"Mandurama, Burnt Yards"
548,POA2793,4,0,0,3,908,3,"Darbys Falls, Roseberg, Woodstock"
549,POA2794,31,0,0,3,9828,19,"Noonbinna, Westville, Wattamondara, Cowra, Hovells Creek, Mount Collins, Bumbaldry"
550,POA2795,129,13,20,18,40202,83,"Locksley, Fosters Valley, Georges Plains, Triangle Flat, Wimbledon, Laffing Waters, Windradyne, Mitchell, Sunny Corner, Billywillinga, Meadow Flat, Copperhannia, Robin Hill, Kirkconnell, Peel, Dunkeld, West Bathurst, Jeremy, Glanmire, Mount David, Crudine, Fitzgeralds Valley, Yetholme, Raglan, Gowan, Cow Flat, Burraga, Wisemans Creek, Arkell, Clear Creek, O'Connell, Colo, Hobbys Yards, Forest Grove, Trunkey Creek, Wiagdon, Llanarth, Gemalla, Caloola, Abercrombie, Palmers Oaky, Yarras, Dog Rocks, Wattle Flat, Stewarts Mount, Perthville, Walang, The Lagoon, Arkstone, Isabella, Bathurst West, Kelso, Twenty Forests, Paling Yards, Ballyroe, Mount Rankin, Moorilda, Gilmandyke, Milkers Flat, Eglinton, Millah Murrah, Mount Panorama, Killongbutta, Bathurst, Watton, Charles Sturt University, Abercrombie River, Dark Corner, Evans Plains, Charlton, Limekilns, Turondale, South Bathurst, Rockley, Gormans Hill, Brewongle, White Rock, Winburndale, Tannas Mount, Sofala, Freemantle, Orton Park, The Rocks, Upper Turon, Judds Creek, Bruinbun, Bald Ridge, Napoleon Reef, Bathampton, Newbridge, Rock Forest, Wambool, Duramana, Curragh, Rockley Mount"
551,POA2797,0,0,0,0,383,0,"Garland, Lyndhurst"
552,POA2798,0,0,0,0,1976,0,"Forest Reefs, Tallwood, Spring Terrace, Guyong, Millthorpe"
553,POA2799,10,0,3,0,3898,3,"Neville, Kings Plains, Barry, Blayney, Vittoria, Fitzgeralds Mount, Browns Creek"
554,POA2800,220,7,35,24,42455,192,"Lucknow, Nashdale, Summer Hill Creek, Huntley, Canobolas, Borenore, Ophir, March, Spring Hill, Clergate, Clifton Grove, Spring Creek, Lidster, Bowen, Lewis Ponds, Windera, Byng, Lower Lewis Ponds, Cadia, Waldegrave, Mullion Creek, Orange, Shadforth, Orange East, Four Mile Creek, Kerrs Creek, Belgravia, Narrambla, Emu Swamp, Kangaroobie, Springside, Panuara, Cargo, Orange DC, Boree"
555,POA2803,0,0,0,0,260,0,"Crowther, Wirrimah, Bendick Murrell"
556,POA2804,4,0,0,0,2520,9,"Nyrang Creek, Moorbel, Canowindra, Billimari"
557,POA2805,0,0,0,0,393,0,Gooloogong
558,POA2806,0,0,0,0,710,0,Eugowra
559,POA2807,0,0,0,0,404,0,Koorawatha
560,POA2808,0,0,0,0,167,0,Wyangala
561,POA2809,0,0,0,0,204,0,Greenethorpe
562,POA2810,3,0,0,0,2944,0,"Pinnacle, Piney Range, Warraderry, Pullabooka, Glenelg, Caragabal, Bimbi, Grenfell"
563,POA2820,8,0,0,0,6879,9,"Medway, Apsley, Walmer, Gollan, Bakers Swamp, Stuart Town, Maryvale, Curra Creek, Arthurville, Montefiores, Bodangora, Neurea, Dripstone, Mount Arthur, Mumbil, Wuuluman, Wellington, Spicers Creek, Farnham, Suntop, Comobella, Lake Burrendong, Mount Aquila, Mookerawa, Yarragal"
564,POA2821,3,0,0,0,4505,3,"Narromine, Burroway"
565,POA2823,3,0,0,0,1325,0,"Trangie, Cathundral, Dandaloo, Gin Gin, Bundemar"
566,POA2824,3,0,0,0,2023,3,"Mount Foster, Warren, Mount Harris, Snakes Plain, Eenaweena, Tenandra, Marthaguy, Ravenswood, Red Hill, Beemunnel, Bullagreen, Pine Clump, Pigeonbah, Mumblebone Plain, Oxley"
567,POA2825,4,0,0,0,2185,9,"Nyngan, Mulla, Miandetta, Bogan, Mullengudgery, Honeybugle, Canonba, Pangee, Murrawombie, Babinda, Buddabadah"
568,POA2827,0,0,0,0,3427,6,"Biddon, Collie, Gilgandra, Curban, Bearbong, Breelong, Merrigal"
569,POA2828,0,0,0,0,762,0,"Armatree, Tonderburine, Black Hollow, Bourbah, Warrumbungle, Gulargambone, Quanda, Mount Tenandra"
570,POA2829,0,0,0,0,2906,6,"Gilgooma, Gungalman, Pine Grove, Combara, Nebea, Teridgerie, Billeroy, Tooloon, Magometon, Conimbia, Coonamble, Urawilkie, Wingadee"
571,POA2830,165,8,18,16,37787,104,"Dubbo West, Minore, Mogriguy, Brocklehurst, Ballimore, Muronbung, Terramungamine, Goonoo Forest, Rawsonville, Dubbo Grove, Dubbo, Dubbo East, Kickabil, Dubbo DC, Toongi, Wambangalang"
572,POA2831,0,0,0,0,1789,0,"Wongarbon, Goodooga, Neilrex, Girilambone, Quambone, The Marra, Merrygoen, Hermidale, Armatree, Nevertire, Elong Elong, Macquarie Marshes, Balladoran, Tooraweenah, Nymagee, Carinda, Eumungerie, Byrock, Coolabah"
573,POA2832,10,0,3,0,2367,6,"Come By Chance, Cryon, Cumborah, Walgett"
574,POA2833,0,0,0,0,585,0,Collarenebri
575,POA2834,16,0,0,7,2135,42,"Angledool, Lightning Ridge"
576,POA2835,14,0,3,0,3876,11,"Cobar, Bulla, Irymple, Gilgunnia, Canbelego, Kerrigundi, Tindarey, Noona, Cubba, Kulwin, Sandy Creek"
577,POA2836,7,0,0,0,799,3,"White Cliffs, Wilcannia"
578,POA2839,0,0,0,0,1227,0,"Narran Lake, Collerina, Talawanta, Gongolgon, Weilmoringle, Brewarrina"
579,POA2840,4,0,0,0,2466,0,"Enngonia, Hungerford, Louth, Bourke, Yantabulla, Barringun, Fords Bridge, North Bourke, Wanaaring, Urisino, Gunderbooka, Tilpa, Gumbalie"
580,POA2842,0,0,0,0,591,3,"Mendooran, Yarragrin, New Mollyan, Mollyan"
581,POA2843,0,0,0,0,1159,0,Coolah
582,POA2844,0,0,0,0,1355,0,"Leadville, Birriwa, Cobbora, Dunedoo"
583,POA2845,6,0,3,0,1864,6,Wallerawang
584,POA2846,0,0,0,0,259,0,"Glen Davis, Round Swamp, Capertee"
585,POA2847,0,0,0,0,2257,6,"Pipers Flat, Portland"
586,POA2848,7,0,3,0,1572,9,"Clandulla, Brogans Creek, Kandos, Charbon"
587,POA2849,3,0,3,0,1444,9,"Upper Bylong, Bylong, Budden, Lee Creek, Ginghi, Coggan, Bogee, Dungeree, Camboon, Wirraba, Breakfast Creek, Mount Marsden, Rylstone, Upper Nile, Olinda, Kelgoola, Pinnacle Swamp, Coxs Creek, Dunville Loop, Coxs Crown, Murrumbo, Dabee, Growee, Pyangle, Glen Alice, Reedy Creek, Nullo Mountain, Upper Growee, Carwell"
588,POA2850,50,0,9,3,16595,41,"Mogo, Turill, Lue, Wilbetree, Bombira, Stony Creek, Apple Tree Flat, Ulan, Wollar, Twelve Mile, Bara, Hayes Gap, Mudgee, Windeyer, Pyramul, Cross Roads, Cooyal, Running Stream, Caerleon, Home Rule, Collingwood, Sallys Flat, Aarons Pass, Ullamalla, Avisford, Ilford, Putta Bucca, Mullamuddy, Budgee Budgee, Erudgere, Hargraves, Maitland Bar, Barigan, Piambong, Menah, Milroy, Mount Frome, Munghorn, Yarrawonga, Canadian Lead, Tambaroora, Meroo, Cullenbone, Eurunderee, Buckaroo, Triamble, Grattai, Monivae, Bocoble, Spring Flat, Linburn, Worlds End, Kains Flat, Tichular, Yarrabin, Galambine, Cudgegong, St Fillans, Mount Knowles, Carcalgong, Hill End, Cumbo, Moolarben, Green Gully, Havilah, Queens Pinch, Riverlea, Frog Rock, Wilpinjong, Botobolar, Burrundulla, Totnes Valley, Cooks Gap"
589,POA2852,4,0,3,0,3345,9,"Stubbo, Bungaba, Guntawang, Two Mile Flat, Beryl, Barneys Reef, Mebul, Gulgong, Tallawang, Cope, Goolma, Cumbandry, Merotherie"
590,POA2864,0,0,0,0,744,0,"Murga, Cudal, Bowan Park, Toogong"
591,POA2865,3,0,0,0,816,0,"Gumble, Bocobra, Manildra"
592,POA2866,3,0,0,3,2972,3,"Amaroo, Boomey, Molong, Euchareena, Garra, Larras Lee, Cundumbul"
593,POA2867,0,0,0,0,576,0,"Baldry, Loombah, Cumnock, Yullundry, Eurimbla"
594,POA2868,0,0,0,0,620,0,"Obley, North Yeoval, Yeoval, Bournewood"
595,POA2869,5,0,0,0,1348,3,"Trewilga, Tomingley, Peak Hill"
596,POA2870,24,0,0,0,11263,25,"Goonumbla, Cooks Myalls, Cookamidgera, Alectown, Mandagery, Daroobalgie, Parkes, Bumberry, Tichborne"
597,POA2871,14,0,0,0,8776,12,"Bedgerebong, Forbes, Ooma, Bedgerabong, Fairholme, Warroo, Paytens Bridge, Gunning Gap, Wirrinya, Corinella, Jemalong, Mulyandry, Garema"
598,POA2873,0,0,0,0,526,0,"Albert, Tottenham, Miamley, Five Ways"
599,POA2874,0,0,0,0,400,0,Tullamore
600,POA2875,3,0,3,0,900,4,"Bruie Plains, Trundle, Yarrabandai, Ootha, Fifield"
601,POA2876,0,0,0,0,393,0,"Bogan Gate, Nelungaloo, Gunningbland"
602,POA2877,9,0,3,0,3650,3,"Bobadah, Euabalong, Eremerang, Condobolin, Mulguthrie, Boona Mount, Mount Hope, Euabalong West, Derriwong, Kiacatoo"
603,POA2878,0,0,0,0,349,0,"Ivanhoe, Trida, Mossgiel, Conoble"
604,POA2879,0,0,0,0,580,3,"Menindee, Sunset Strip"
605,POA2880,29,0,0,4,16820,32,"Broken Hill, Broken Hill West, Milparinka, Broken Hill North, South Broken Hill, Silverton, Packsaddle, Broughams Gate, Mutawintji, Tibooburra, Little Topar, Fowlers Gap"
606,POA2898,0,0,0,0,312,0,Lord Howe Island
